            Australian Bureau of Statistics,Unnamed: 1,Unnamed: 2
"Census of Population and Housing - Counts of Aboriginal and Torres Strait Islander Australians, 2021",,
Released at 11.30am (Canberra time) 31 August 2022,,
,,
,Contents,
,Tables,
,Table 1,"Table 1: Census counts, Aboriginal and Torres Strait Islander persons, Australia, 1971-2021"
,Table 2,"Table 2: Census counts and intercensal change by Indigenous status, State/Territory, 2011-2021"
,Table 3.1,"Table 3.1: Census counts by Indigenous status (detailed), Place of Usual Residence, State/Territory, 2011-2021"
,Table 3.2,"Table 3.2: Census counts by Indigenous status (detailed), Place of Enumeration, State/Territory, 2011-2021"
,Table 4.1,"Table 4.1: Census counts, Aboriginal and Torres Strait Islander persons by age and sex, 2011-2021"
,Table 4.2,"Table 4.2: Sex ratio by age group(a), Aboriginal and Torres Strait Islander persons, Australia, 2011-2021"
,,
,,
,More information available from the ABS website,
,,
,,
,Enquiries,
,"Further information about these and related statistics is available from the ABS website www.abs.gov.au, or contact us at client.services@abs.gov.au.",
,,
,© Commonwealth of Australia 2022,
