            Australian Bureau of Statistics,Unnamed: 1,Unnamed: 2,Unnamed: 3,Unnamed: 4,Unnamed: 5,Unnamed: 6,Unnamed: 7,Unnamed: 8,Unnamed: 9,Unnamed: 10,Unnamed: 11
"Census of Population and Housing - Counts of Aboriginal and Torres Strait Islander Australians, 2021",,,,,,,,,,,
Released at 11.30am (Canberra time) 31 August 2022,,,,,,,,,,,
"Table 4.1: Census counts, Aboriginal and Torres Strait Islander persons by age and sex, 2011-2021",,,,,,,,,,,
,,,,,,,,,,,
,2011,,,,2016,,,,2021,,
,Male,Female,Total persons,,Male,Female,Total persons,,Male,Female,Total persons
,COUNT OF PERSONS,,,,,,,,,,
,,,,,,,,,,,
Median age (years),20,22,21,,22,24,23,,23,25,24
,,,,,,,,,,,
0-4 years,34369,33047,67416,,37768,35496,73265,,44318,41623,85941
5-9 years,33189,31746,64936,,38729,37024,75755,,46072,43064,89137
10-14 years,32964,31772,64737,,36563,34812,71378,,46186,44292,90473
15-19 years,30552,28647,59200,,33898,32366,66266,,40602,38900,79501
20-24 years,23213,23244,46454,,29385,28062,57452,,35593,34962,70555
25-29 years,18879,19927,38803,,24009,23927,47934,,31746,31700,63452
30-34 years,15877,17127,33003,,20031,20897,40927,,26847,27683,54522
35-39 years,16236,17836,34074,,17120,18285,35401,,22786,24151,46934
40-44 years,15557,18049,33605,,17628,19362,36994,,19738,21243,40978
45-49 years,13625,15190,28820,,16857,19176,36034,,19845,21740,41587
50-54 years,11538,12788,24327,,14797,16586,31381,,18890,21325,40221
55-59 years,8891,9755,18638,,12190,13709,25897,,15854,17893,33750
60-64 years,6378,7215,13592,,9256,10286,19541,,13291,14722,28008
65-69 years,4051,4626,8677,,6516,7205,13722,,9569,10688,20259
70-74 years,2408,3088,5501,,3728,4395,8129,,6399,7141,13544
75 years and over,2621,3975,6597,,3693,5409,9101,,5973,7904,13877
Total,270333,278039,548368,,322171,326996,649171,,403709,409025,812728
,DISTRIBUTION OF PERSONS - AGE GROUP (%),,,,,,,,,,
,,,,,,,,,,,
0-4 years,51,49,100,,51.5,48.4,100,,51.6,48.4,100
5-9 years,51.1,48.9,100,,51.1,48.9,100,,51.7,48.3,100
10-14 years,50.9,49.1,100,,51.2,48.8,100,,51,49,100
15-19 years,51.6,48.4,100,,51.2,48.8,100,,51.1,48.9,100
20-24 years,50,50,100,,51.1,48.8,100,,50.4,49.6,100
25-29 years,48.7,51.4,100,,50.1,49.9,100,,50,50,100
30-34 years,48.1,51.9,100,,48.9,51.1,100,,49.2,50.8,100
35-39 years,47.6,52.3,100,,48.4,51.7,100,,48.5,51.5,100
40-44 years,46.3,53.7,100,,47.7,52.3,100,,48.2,51.8,100
45-49 years,47.3,52.7,100,,46.8,53.2,100,,47.7,52.3,100
50-54 years,47.4,52.6,100,,47.2,52.9,100,,47,53,100
55-59 years,47.7,52.3,100,,47.1,52.9,100,,47,53,100
60-64 years,46.9,53.1,100,,47.4,52.6,100,,47.5,52.6,100
65-69 years,46.7,53.3,100,,47.5,52.5,100,,47.2,52.8,100
70-74 years,43.8,56.1,100,,45.9,54.1,100,,47.2,52.7,100
75 years and over,39.7,60.3,100,,40.6,59.4,100,,43,57,100
Total,49.3,50.7,100,,49.6,50.4,100,,49.7,50.3,100
,DISTRIBUTION OF PERSONS - ALL AGES (%),,,,,,,,,,
,,,,,,,,,,,
0-4 years,12.7,11.9,12.3,,11.7,10.9,11.3,,11,10.2,10.6
5-9 years,12.3,11.4,11.8,,12,11.3,11.7,,11.4,10.5,11
10-14 years,12.2,11.4,11.8,,11.3,10.6,11,,11.4,10.8,11.1
15-19 years,11.3,10.3,10.8,,10.5,9.9,10.2,,10.1,9.5,9.8
20-24 years,8.6,8.4,8.5,,9.1,8.6,8.9,,8.8,8.5,8.7
25-29 years,7,7.2,7.1,,7.5,7.3,7.4,,7.9,7.8,7.8
30-34 years,5.9,6.2,6,,6.2,6.4,6.3,,6.7,6.8,6.7
35-39 years,6,6.4,6.2,,5.3,5.6,5.5,,5.6,5.9,5.8
40-44 years,5.8,6.5,6.1,,5.5,5.9,5.7,,4.9,5.2,5
45-49 years,5,5.5,5.3,,5.2,5.9,5.6,,4.9,5.3,5.1
50-54 years,4.3,4.6,4.4,,4.6,5.1,4.8,,4.7,5.2,4.9
55-59 years,3.3,3.5,3.4,,3.8,4.2,4,,3.9,4.4,4.2
60-64 years,2.4,2.6,2.5,,2.9,3.1,3,,3.3,3.6,3.4
65-69 years,1.5,1.7,1.6,,2,2.2,2.1,,2.4,2.6,2.5
70-74 years,0.9,1.1,1,,1.2,1.3,1.3,,1.6,1.7,1.7
75 years and over,1,1.4,1.2,,1.1,1.7,1.4,,1.5,1.9,1.7
Total,100,100,100,,100,100,100,,100,100,100
Data is based on place of usual residence. Excludes overseas visitors.,,,,,,,,,,,
,,,,,,,,,,,
 Please note that there are small random adjustments made to all cell values to protect the confidentiality of data. These adjustments may cause the sum of rows or columns to differ by small amounts from table totals.,,,,,,,,,,,
,,,,,,,,,,,
© Commonwealth of Australia 2022,,,,,,,,,,,
