            Australian Bureau of Statistics,Unnamed: 1,Unnamed: 2,Unnamed: 3,Unnamed: 4,Unnamed: 5,Unnamed: 6,Unnamed: 7,Unnamed: 8,Unnamed: 9
"Census of Population and Housing - Counts of Aboriginal and Torres Strait Islander Australians, 2021",,,,,,,,,
Released at 11.30am (Canberra time) 31 August 2022,,,,,,,,,
"Table 2: Census counts and intercensal change by Indigenous status, State/Territory, 2011-2021",,,,,,,,,
,,,,,,,,,
State/Territory,NSW,VIC,QLD,SA,WA,TAS,NT,ACT ,Australia(b)
,COUNT OF PERSONS,,,,,,,,
,,,,,,,,,
Census 2011,,,,,,,,,
Aboriginal and/or Torres Strait Islander,172625,37992,155826,30432,69664,19625,56779,5184,548368
Non-Indigenous,6402111,5069155,3952704,1503204,2038783,456343,137773,338029,19900765
Not stated,342925,246894,224206,62935,130719,19380,17393,14007,1058585
Total,6917656,5354039,4332737,1596569,2239171,495351,211943,357218,21507719
,,,,,,,,,
Census 2016,,,,,,,,,
Aboriginal and/or Torres Strait Islander,216176,47788,186482,34184,75978,23572,58248,6508,649171
Non-Indigenous,6826286,5532275,4211020,1557001,2237541,455137,147327,370748,21341231
Not stated,437762,346563,305685,85464,160891,31255,23257,20143,1411491
Total,7480228,5926624,4703193,1676653,2474410,509965,228833,397397,23401892
,,,,,,,,,
Census 2021,,,,,,,,,
Aboriginal and/or Torres Strait Islander,278043,65646,237303,42562,88693,30186,61115,8949,812728
Non-Indigenous,7404499,6148188,4635042,1669314,2431204,501521,152705,429520,23375949
Not stated,389616,289665,283793,69646,140128,25851,18775,16033,1234112
Total,8072163,6503491,5156138,1781516,2660026,557571,232605,454499,25422788
,INTERCENSAL CHANGE (%),,,,,,,,
,,,,,,,,,
Census 2011 - 2016,,,,,,,,,
Aboriginal and/or Torres Strait Islander,25.228674873280234,25.78437565803327,19.6732252640766,12.32912723449001,9.063504823151124,20.112101910828027,2.5872241497736836,25.540123456790127,18.382363668193623
Non-Indigenous,6.625548979078932,9.136039438525751,6.535171872217095,3.578822302229105,9.748855076778646,-0.26427489848644553,6.934595312579388,9.679347038271864,7.238244358948011
Not stated,27.655318218269304,40.36914627329947,36.34113270831289,35.79725113212044,23.08157192144983,61.274509803921575,33.714712815500484,43.80666809452416,33.33752131382931
Total,8.13240785607148,10.694449554812731,8.550161249113437,5.0160061982914605,10.505629092195282,2.950231250164025,7.969123773844855,11.24775347266935,8.806945078648274
,,,,,,,,,
Census 2016 - 2021,,,,,,,,,
Aboriginal and/or Torres Strait Islander,28.618810598771372,37.36921402862644,27.252496219474263,24.508542007956937,16.735107531127433,28.058713728152046,4.92205740969647,37.50768285187462,25.19474837908656
Non-Indigenous,8.470389315654222,11.133087201919645,10.069341869665783,7.213418616943727,8.655171011391523,10.19121715000099,3.650383161267113,15.852277018352087,9.53421103028218
Not stated,-10.998213641202296,-16.417794167294257,-7.1616206225362715,-18.50837779649911,-12.905010224313354,-17.29003359462486,-19.271617147525475,-20.404110609144617,-12.566782218235895
Total,7.913328310313536,9.733484020582376,9.630585008950304,6.254305452589176,7.501424582021572,9.335150451501574,1.6483636538436326,14.369006308552908,8.635609462687889
Data is based on place of usual residence. Excludes overseas visitors.,,,,,,,,,
,,,,,,,,,
(a) Intercensal change refers to the difference (+/-) observed in a data item across two Census periods.,,,,,,,,,
"(b) Includes Other Territories - Jervis Bay, Cocos (Keeling) Islands, Christmas Island and Norfolk Island.",,,,,,,,,
,,,,,,,,,
Please note that there are small random adjustments made to all cell values to protect the confidentiality of data. These adjustments may cause the sum of rows or columns to differ by small amounts from table totals.,,,,,,,,,
,,,,,,,,,
© Commonwealth of Australia 2022,,,,,,,,,
