            Australian Bureau of Statistics,Unnamed: 1,Unnamed: 2,Unnamed: 3,Unnamed: 4,Unnamed: 5,Unnamed: 6,Unnamed: 7,Unnamed: 8,Unnamed: 9,Unnamed: 10,Unnamed: 11,Unnamed: 12,Unnamed: 13,Unnamed: 14,Unnamed: 15,Unnamed: 16,Unnamed: 17,Unnamed: 18,Unnamed: 19,Unnamed: 20,Unnamed: 21,Unnamed: 22,Unnamed: 23,Unnamed: 24,Unnamed: 25,Unnamed: 26,Unnamed: 27,Unnamed: 28,Unnamed: 29,Unnamed: 30,Unnamed: 31,Unnamed: 32,Unnamed: 33
"Census of Population and Housing - Counts of Aboriginal and Torres Strait Islander Australians, 2021",,,,,,,,,,,,,,,,,,,,,,,,,,,,,,,,,
Released at 11.30am (Canberra time) 31 August 2022,,,,,,,,,,,,,,,,,,,,,,,,,,,,,,,,,
"Table 2: Census counts, Aboriginal and Torres Strait Islander persons by age and sex, Empowered Community Regions, 2021",,,,,,,,,,,,,,,,,,,,,,,,,,,,,,,,,
,,,,,,,,,,,,,,,,,,,,,,,,,,,,,,,,,
,Cape York,,,Central Coast,,,East Kimberley,,,Far West Coast SA,,,Goulburn Murray,,,Inner Sydney,,,Ngarrindjeri,,,North East Arnhem Land,,,NPY Lands,,,West Kimberley,,,Total Empowered Communities Regions,,
,Male,Female,Total persons,Male,Female,Total persons,Male,Female,Total persons,Male,Female,Total persons,Male,Female,Total persons,Male,Female,Total persons,Male,Female,Total persons,Male,Female,Total persons,Male,Female,Total persons,Male,Female,Total persons,Male,Female,Total persons
,COUNT OF PERSONS (no.),,,,,,,,,,,,,,,,,,,,,,,,,,,,,,,,
,,,,,,,,,,,,,,,,,,,,,,,,,,,,,,,,,
Median age (years),24,26,25,21,24,23,23,26,25,26,27,26,22,24,23,28,29,28,25,24,24,25,28,26,26,28,27,26,27,26,24,26,25
,,,,,,,,,,,,,,,,,,,,,,,,,,,,,,,,,
0-4 years,536,525,1059,1021,940,1963,281,247,529,56,74,127,425,415,840,426,432,859,105,101,211,316,291,607,164,182,346,452,428,879,3777,3639,7416
5-9 years,587,538,1122,1048,953,2004,277,267,549,67,69,132,424,394,819,512,445,954,102,100,203,323,306,629,196,178,375,514,434,954,4055,3688,7741
10-14 years,539,492,1032,988,995,1980,270,284,549,56,63,115,475,450,927,520,482,1002,127,113,243,360,340,704,178,169,346,457,473,930,3969,3865,7830
15-19 years,458,465,924,925,857,1782,278,246,526,56,50,107,381,396,782,542,500,1037,94,98,187,480,440,915,220,222,440,376,406,783,3811,3672,7483
20-24 years,417,440,858,760,738,1491,200,256,458,39,36,79,266,290,553,598,647,1245,90,98,187,439,431,866,223,227,446,366,347,713,3399,3507,6907
25-29 years,342,407,755,611,619,1232,189,205,399,54,52,102,243,250,490,617,577,1192,82,58,140,342,334,679,219,227,443,327,357,691,3026,3098,6123
30-34 years,334,411,748,505,540,1051,184,218,397,46,55,96,210,216,422,500,447,944,76,52,127,318,374,687,160,183,351,392,360,759,2728,2858,5581
35-39 years,280,306,583,424,496,919,186,202,391,33,33,64,172,196,366,388,349,743,61,52,114,280,324,603,144,183,323,311,328,632,2274,2471,4740
40-44 years,277,271,555,396,445,843,159,184,339,24,32,54,167,185,354,348,348,691,55,47,102,272,268,536,135,152,290,285,300,589,2120,2232,4351
45-49 years,276,300,578,375,424,796,129,169,297,30,35,60,187,185,371,395,348,739,48,55,107,199,248,447,113,121,231,242,229,474,2001,2110,4111
50-54 years,267,284,549,367,444,813,133,145,278,44,43,88,161,199,368,344,364,713,54,50,103,192,217,412,106,141,241,234,246,484,1913,2130,4042
55-59 years,203,217,417,327,410,732,74,115,191,34,33,63,163,189,348,274,302,574,45,44,86,135,170,307,79,92,176,181,203,387,1512,1780,3287
60-64 years,157,172,331,263,323,586,69,72,142,22,31,53,122,167,294,237,238,471,42,40,84,114,132,249,50,74,122,157,184,343,1244,1432,2675
65-69 years,125,133,259,172,212,382,52,55,104,17,20,31,124,142,265,156,193,346,27,44,67,72,87,160,29,47,74,99,100,195,867,1018,1887
70-74 years,72,71,139,170,178,346,30,47,85,7,11,16,95,87,178,109,127,236,21,16,38,34,30,63,34,35,66,52,69,128,627,668,1295
75 years and over,44,77,120,146,197,344,40,46,87,5,6,11,94,93,188,133,160,299,19,18,43,29,41,71,23,46,72,54,100,157,596,781,1384
Total,4917,5111,10027,8508,8765,17272,2556,2762,5319,585,639,1219,3706,3851,7558,6100,5952,12050,1057,988,2048,3898,4037,7936,2076,2268,4344,4516,4571,9082,37912,38944,76859
,DISTRIBUTION OF PERSONS - AGE GROUP (%),,,,,,,,,,,,,,,,,,,,,,,,,,,,,,,,
,,,,,,,,,,,,,,,,,,,,,,,,,,,,,,,,,
0-4 years,50.6,49.6,100,52,47.9,100,53.1,46.7,100,44.1,58.3,100,50.6,49.4,100,49.6,50.3,100,49.8,47.9,100,52.1,47.9,100,47.4,52.6,100,51.4,48.7,100,50.9,49.1,100
5-9 years,52.3,48,100,52.3,47.6,100,50.5,48.6,100,50.8,52.3,100,51.8,48.1,100,53.7,46.6,100,50.2,49.3,100,51.4,48.6,100,52.3,47.5,100,53.9,45.5,100,52.4,47.6,100
10-14 years,52.2,47.7,100,49.9,50.3,100,49.2,51.7,100,48.7,54.8,100,51.2,48.5,100,51.9,48.1,100,52.3,46.5,100,51.1,48.3,100,51.4,48.8,100,49.1,50.9,100,50.7,49.4,100
15-19 years,49.6,50.3,100,51.9,48.1,100,52.9,46.8,100,52.3,46.7,100,48.7,50.6,100,52.3,48.2,100,50.3,52.4,100,52.5,48.1,100,50,50.5,100,48,51.9,100,50.9,49.1,100
20-24 years,48.6,51.3,100,51,49.5,100,43.7,55.9,100,49.4,45.6,100,48.1,52.4,100,48,52,100,48.1,52.4,100,50.7,49.8,100,50,50.9,100,51.3,48.7,100,49.2,50.8,100
25-29 years,45.3,53.9,100,49.6,50.2,100,47.4,51.4,100,52.9,51,100,49.6,51,100,51.8,48.4,100,58.6,41.4,100,50.4,49.2,100,49.4,51.2,100,47.3,51.7,100,49.4,50.6,100
30-34 years,44.7,54.9,100,48,51.4,100,46.3,54.9,100,47.9,57.3,100,49.8,51.2,100,53,47.4,100,59.8,40.9,100,46.3,54.4,100,45.6,52.1,100,51.6,47.4,100,48.9,51.2,100
35-39 years,48,52.5,100,46.1,54,100,47.6,51.7,100,51.6,51.6,100,47,53.6,100,52.2,47,100,53.5,45.6,100,46.4,53.7,100,44.6,56.7,100,49.2,51.9,100,48,52.1,100
40-44 years,49.9,48.8,100,47,52.8,100,46.9,54.3,100,44.4,59.3,100,47.2,52.3,100,50.4,50.4,100,53.9,46.1,100,50.7,50,100,46.6,52.4,100,48.4,50.9,100,48.7,51.3,100
45-49 years,47.8,51.9,100,47.1,53.3,100,43.4,56.9,100,50,58.3,100,50.4,49.9,100,53.5,47.1,100,44.9,51.4,100,44.5,55.5,100,48.9,52.4,100,51.1,48.3,100,48.7,51.3,100
50-54 years,48.6,51.7,100,45.1,54.6,100,47.8,52.2,100,50,48.9,100,43.8,54.1,100,48.2,51.1,100,52.4,48.5,100,46.6,52.7,100,44,58.5,100,48.3,50.8,100,47.3,52.7,100
55-59 years,48.7,52,100,44.7,56,100,38.7,60.2,100,54,52.4,100,46.8,54.3,100,47.7,52.6,100,52.3,51.2,100,44,55.4,100,44.9,52.3,100,46.8,52.5,100,46,54.2,100
60-64 years,47.4,52,100,44.9,55.1,100,48.6,50.7,100,41.5,58.5,100,41.5,56.8,100,50.3,50.5,100,50,47.6,100,45.8,53,100,41,60.7,100,45.8,53.6,100,46.5,53.5,100
65-69 years,48.3,51.4,100,45,55.5,100,50,52.9,100,54.8,64.5,100,46.8,53.6,100,45.1,55.8,100,40.3,65.7,100,45,54.4,100,39.2,63.5,100,50.8,51.3,100,45.9,53.9,100
70-74 years,51.8,51.1,100,49.1,51.4,100,35.3,55.3,100,43.8,68.8,100,53.4,48.9,100,46.2,53.8,100,55.3,42.1,100,54,47.6,100,51.5,53,100,40.6,53.9,100,48.4,51.6,100
75 years and over,36.7,64.2,100,42.4,57.3,100,46,52.9,100,45.5,54.5,100,50,49.5,100,44.5,53.5,100,44.2,41.9,100,40.8,57.7,100,31.9,63.9,100,34.4,63.7,100,43.1,56.4,100
Total,49,51,100,49.3,50.7,100,48.1,51.9,100,48,52.4,100,49,51,100,50.6,49.4,100,51.6,48.2,100,49.1,50.9,100,47.8,52.2,100,49.7,50.3,100,49.3,50.7,100
,DISTRIBUTION OF PERSONS - ALL AGES (%),,,,,,,,,,,,,,,,,,,,,,,,,,,,,,,,
,,,,,,,,,,,,,,,,,,,,,,,,,,,,,,,,,
0-4 years,10.9,10.3,10.6,12,10.7,11.4,11,8.9,9.9,9.6,11.6,10.4,11.5,10.8,11.1,7,7.3,7.1,9.9,10.2,10.3,8.1,7.2,7.6,7.9,8,8,10,9.4,9.7,10,9.3,9.6
5-9 years,11.9,10.5,11.2,12.3,10.9,11.6,10.8,9.7,10.3,11.5,10.8,10.8,11.4,10.2,10.8,8.4,7.5,7.9,9.6,10.1,9.9,8.3,7.6,7.9,9.4,7.8,8.6,11.4,9.5,10.5,10.7,9.5,10.1
10-14 years,11,9.6,10.3,11.6,11.4,11.5,10.6,10.3,10.3,9.6,9.9,9.4,12.8,11.7,12.3,8.5,8.1,8.3,12,11.4,11.9,9.2,8.4,8.9,8.6,7.5,8,10.1,10.3,10.2,10.5,9.9,10.2
15-19 years,9.3,9.1,9.2,10.9,9.8,10.3,10.9,8.9,9.9,9.6,7.8,8.8,10.3,10.3,10.3,8.9,8.4,8.6,8.9,9.9,9.1,12.3,10.9,11.5,10.6,9.8,10.1,8.3,8.9,8.6,10.1,9.4,9.7
20-24 years,8.5,8.6,8.6,8.9,8.4,8.6,7.8,9.3,8.6,6.7,5.6,6.5,7.2,7.5,7.3,9.8,10.9,10.3,8.5,9.9,9.1,11.3,10.7,10.9,10.7,10,10.3,8.1,7.6,7.9,9,9,9
25-29 years,7,8,7.5,7.2,7.1,7.1,7.4,7.4,7.5,9.2,8.1,8.4,6.6,6.5,6.5,10.1,9.7,9.9,7.8,5.9,6.8,8.8,8.3,8.6,10.5,10,10.2,7.2,7.8,7.6,8,8,8
30-34 years,6.8,8,7.5,5.9,6.2,6.1,7.2,7.9,7.5,7.9,8.6,7.9,5.7,5.6,5.6,8.2,7.5,7.8,7.2,5.3,6.2,8.2,9.3,8.7,7.7,8.1,8.1,8.7,7.9,8.4,7.2,7.3,7.3
35-39 years,5.7,6,5.8,5,5.7,5.3,7.3,7.3,7.4,5.6,5.2,5.3,4.6,5.1,4.8,6.4,5.9,6.2,5.8,5.3,5.6,7.2,8,7.6,6.9,8.1,7.4,6.9,7.2,7,6,6.3,6.2
40-44 years,5.6,5.3,5.5,4.7,5.1,4.9,6.2,6.7,6.4,4.1,5,4.4,4.5,4.8,4.7,5.7,5.8,5.7,5.2,4.8,5,7,6.6,6.8,6.5,6.7,6.7,6.3,6.6,6.5,5.6,5.7,5.7
45-49 years,5.6,5.9,5.8,4.4,4.8,4.6,5,6.1,5.6,5.1,5.5,4.9,5,4.8,4.9,6.5,5.8,6.1,4.5,5.6,5.2,5.1,6.1,5.6,5.4,5.3,5.3,5.4,5,5.2,5.3,5.4,5.3
50-54 years,5.4,5.6,5.5,4.3,5.1,4.7,5.2,5.2,5.2,7.5,6.7,7.2,4.3,5.2,4.9,5.6,6.1,5.9,5.1,5.1,5,4.9,5.4,5.2,5.1,6.2,5.5,5.2,5.4,5.3,5,5.5,5.3
55-59 years,4.1,4.2,4.2,3.8,4.7,4.2,2.9,4.2,3.6,5.8,5.2,5.2,4.4,4.9,4.6,4.5,5.1,4.8,4.3,4.5,4.2,3.5,4.2,3.9,3.8,4.1,4.1,4,4.4,4.3,4,4.6,4.3
60-64 years,3.2,3.4,3.3,3.1,3.7,3.4,2.7,2.6,2.7,3.8,4.9,4.3,3.3,4.3,3.9,3.9,4,3.9,4,4,4.1,2.9,3.3,3.1,2.4,3.3,2.8,3.5,4,3.8,3.3,3.7,3.5
65-69 years,2.5,2.6,2.6,2,2.4,2.2,2,2,2,2.9,3.1,2.5,3.3,3.7,3.5,2.6,3.2,2.9,2.6,4.5,3.3,1.8,2.2,2,1.4,2.1,1.7,2.2,2.2,2.1,2.3,2.6,2.5
70-74 years,1.5,1.4,1.4,2,2,2,1.2,1.7,1.6,1.2,1.7,1.3,2.6,2.3,2.4,1.8,2.1,2,2,1.6,1.9,0.9,0.7,0.8,1.6,1.5,1.5,1.2,1.5,1.4,1.7,1.7,1.7
75 years and over,0.9,1.5,1.2,1.7,2.2,2,1.6,1.7,1.6,0.9,0.9,0.9,2.5,2.4,2.5,2.2,2.7,2.5,1.8,1.8,2.1,0.7,1,0.9,1.1,2,1.7,1.2,2.2,1.7,1.6,2,1.8
Total,100,100,100,100,100,100,100,100,100,100,100,100,100,100,100,100,100,100,100,100,100,100,100,100,100,100,100,100,100,100,100,100,100
Data is based on place of usual residence. Excludes overseas visitors.,,,,,,,,,,,,,,,,,,,,,,,,,,,,,,,,,
,,,,,,,,,,,,,,,,,,,,,,,,,,,,,,,,,
 Please note that there are small random adjustments made to all cell values to protect the confidentiality of data. These adjustments may cause the sum of rows or columns to differ by small amounts from table totals.,,,,,,,,,,,,,,,,,,,,,,,,,,,,,,,,,
,,,,,,,,,,,,,,,,,,,,,,,,,,,,,,,,,
© Commonwealth of Australia 2022,,,,,,,,,,,,,,,,,,,,,,,,,,,,,,,,,
