            Australian Bureau of Statistics,Unnamed: 1,Unnamed: 2,Unnamed: 3,Unnamed: 4
"Census of Population and Housing - Counts of Aboriginal and Torres Strait Islander Australians, 2021",,,,
Released at 11.30am (Canberra time) 31 August 2022,,,,
"Table 1: Census counts by Indigenous status — Empowered Community Regions,  2021",,,,
,,,,
,Aboriginal and/or Torres Strait Islander,Non-Indigenous,Not Stated,Total persons
,COUNT OF PERSONS,,,
,,,,
Cape York,10027,11428,2702,24160
Central Coast,17272,317840,15566,350683
East Kimberley,5319,4271,1494,11082
Far West Coast SA,1219,2464,237,3917
Goulburn Murray,7558,237097,17583,262245
Inner Sydney,12050,844906,40337,897289
Ngarrindjeri,2048,52714,2910,57674
North East Arnhem Land,7936,930,349,9212
NPY Lands,4344,1123,359,5834
West Kimberley,9082,11826,3097,24006
Total Empowered Communities Regions,76859,1484596,84643,1646093
,PROPORTION OF PERSONS (%),,,
Cape York,41.5,47.3,11.2,100
Central Coast,4.9,90.6,4.4,100
East Kimberley,48,38.5,13.5,100
Far West Coast SA,31.1,62.9,6.1,100
Goulburn Murray,2.9,90.4,6.7,100
Inner Sydney,1.3,94.2,4.5,100
Ngarrindjeri,3.6,91.4,5,100
North East Arnhem Land,86.1,10.1,3.8,100
NPY Lands,74.5,19.2,6.2,100
West Kimberley,37.8,49.3,12.9,100
Total Empowered Communities Regions,4.7,90.2,5.1,100
,PROPORTION OF PERSONS (%),,,
Cape York,13,0.8,3.2,1.5
Central Coast,22.5,21.4,18.4,21.3
East Kimberley,6.9,0.3,1.8,0.7
Far West Coast SA,1.6,0.2,0.3,0.2
Goulburn Murray,9.8,16,20.8,15.9
Inner Sydney,15.7,56.9,47.7,54.5
Ngarrindjeri,2.7,3.6,3.4,3.5
North East Arnhem Land,10.3,0.1,0.4,0.6
NPY Lands,5.7,0.1,0.4,0.4
West Kimberley,11.8,0.8,3.7,1.5
Total Empowered Communities Regions,100,100,100,100
Data is based on place of usual residence. Excludes overseas visitors.,,,,
,,,,
 Please note that there are small random adjustments made to all cell values to protect the confidentiality of data. These adjustments may cause the sum of rows or columns to differ by small amounts from table totals.,,,,
,,,,
© Commonwealth of Australia 2022,,,,
