            Australian Bureau of Statistics,Unnamed: 1,Unnamed: 2,Unnamed: 3,Unnamed: 4,Unnamed: 5,Unnamed: 6,Unnamed: 7
"Census of Population and Housing - Counts of Aboriginal and Torres Strait Islander Australians, 2021",,,,,,,
Released at 11.30am (Canberra time) 31 August 2022,,,,,,,
"Table 4.1: Census counts by Indigenous status, Torres Strait Islander persons, Torres Strait Region, 2011-2021",,,,,,,
,,,,,,,
,Inner Islands,Top Western Islands,Western Islands,Central Islands,Eastern Islands,Northern Peninsula Area,Total Torres Strait Region
,COUNT OF PERSONS,,,,,,
,2011,,,,,,
Aboriginal and/or Torres Strait Islander,2272,672,1343,901,734,984,6902
Aboriginal,96,7,11,26,3,26,160
Torres Strait Islander,1753,654,1026,807,679,725,5637
Both Aboriginal and Torres Strait Islander,420,14,308,67,52,236,1105
Non-Indigenous,863,129,110,42,43,259,1442
Not stated,330,18,7,14,14,16,406
Total,3465,816,1460,954,785,1259,8748
,2016,,,,,,
Aboriginal and/or Torres Strait Islander,2726,804,1334,946,812,1160,7780
Aboriginal,93,12,24,10,7,32,170
Torres Strait Islander,1975,766,1035,861,758,740,6126
Both Aboriginal and Torres Strait Islander,660,29,275,79,47,390,1485
Non-Indigenous,842,83,121,38,38,243,1365
Not stated,281,37,13,8,10,51,406
Total,3849,920,1474,990,863,1455,9555
,2021,,,,,,
Aboriginal and/or Torres Strait Islander,2614,597,1232,922,724,1126,7219
Aboriginal,103,0,23,13,10,21,163
Torres Strait Islander,1697,552,874,801,672,622,5218
Both Aboriginal and Torres Strait Islander,811,42,341,115,49,486,1839
Non-Indigenous,865,39,68,38,27,225,1260
Not stated,189,32,92,37,44,144,538
Total,3669,666,1392,998,804,1493,9019
,PROPORTION OF REGIONS (%),,,,,,
,2011,,,,,,
Aboriginal and/or Torres Strait Islander,32.9,9.7,19.5,13.1,10.6,14.3,100
Aboriginal,60,4.4,6.9,16.3,1.9,16.3,100
Torres Strait Islander,31.1,11.6,18.2,14.3,12,12.9,100
Both Aboriginal and Torres Strait Islander,38,1.3,27.9,6.1,4.7,21.4,100
Non-Indigenous,59.8,8.9,7.6,2.9,3,18,100
Not stated,81.3,4.4,1.7,3.4,3.4,3.9,100
Total,39.6,9.3,16.7,10.9,9,14.4,100
,2016,,,,,,
Aboriginal and/or Torres Strait Islander,35,10.3,17.1,12.2,10.4,14.9,100
Aboriginal,54.7,7.1,14.1,5.9,4.1,18.8,100
Torres Strait Islander,32.2,12.5,16.9,14.1,12.4,12.1,100
Both Aboriginal and Torres Strait Islander,44.4,2,18.5,5.3,3.2,26.3,100
Non-Indigenous,61.7,6.1,8.9,2.8,2.8,17.8,100
Not stated,69.2,9.1,3.2,2,2.5,12.6,100
Total,40.3,9.6,15.4,10.4,9,15.2,100
,2021,,,,,,
Aboriginal and/or Torres Strait Islander,36.2,8.3,17.1,12.8,10,15.6,100
Aboriginal,63.2,0,14.1,8,6.1,12.9,100
Torres Strait Islander,32.5,10.6,16.7,15.4,12.9,11.9,100
Both Aboriginal and Torres Strait Islander,44.1,2.3,18.5,6.3,2.7,26.4,100
Non-Indigenous,68.7,3.1,5.4,3,2.1,17.9,100
Not stated,35.1,5.9,17.1,6.9,8.2,26.8,100
Total,40.7,7.4,15.4,11.1,8.9,16.6,100
,PROPORTION OF PERSONS (%),,,,,,
,2011,,,,,,
Aboriginal and/or Torres Strait Islander,65.6,82.4,92,94.4,93.5,78.2,78.9
Aboriginal,2.8,0.9,0.8,2.7,0.4,2.1,1.8
Torres Strait Islander,50.6,80.1,70.3,84.6,86.5,57.6,64.4
Both Aboriginal and Torres Strait Islander,12.1,1.7,21.1,7,6.6,18.7,12.6
Non-Indigenous,24.9,15.8,7.5,4.4,5.5,20.6,16.5
Not stated,9.5,2.2,0.5,1.5,1.8,1.3,4.6
Total,100,100,100,100,100,100,100
,2016,,,,,,
Aboriginal and/or Torres Strait Islander,70.8,87.4,90.5,95.6,94.1,79.7,81.4
Aboriginal,2.4,1.3,1.6,1,0.8,2.2,1.8
Torres Strait Islander,51.3,83.3,70.2,87,87.8,50.9,64.1
Both Aboriginal and Torres Strait Islander,17.1,3.2,18.7,8,5.4,26.8,15.5
Non-Indigenous,21.9,9,8.2,3.8,4.4,16.7,14.3
Not stated,7.3,4,0.9,0.8,1.2,3.5,4.2
Total,100,100,100,100,100,100,100
,2021,,,,,,
Aboriginal and/or Torres Strait Islander,71.2,89.6,88.5,92.4,90,75.4,80
Aboriginal,2.8,0,1.7,1.3,1.2,1.4,1.8
Torres Strait Islander,46.3,82.9,62.8,80.3,83.6,41.7,57.9
Both Aboriginal and Torres Strait Islander,22.1,6.3,24.5,11.5,6.1,32.6,20.4
Non-Indigenous,23.6,5.9,4.9,3.8,3.4,15.1,14
Not stated,5.2,4.8,6.6,3.7,5.5,9.6,6
Total,100,100,100,100,100,100,100
Data is based on place of usual residence. Excludes overseas visitors.,,,,,,,
,,,,,,,
Please note that there are small random adjustments made to all cell values to protect the confidentiality of data. These adjustments may cause the sum of rows or columns to differ by small amounts from table totals.,,,,,,,
,,,,,,,
© Commonwealth of Australia 2022,,,,,,,
