            Australian Bureau of Statistics,Unnamed: 1,Unnamed: 2,Unnamed: 3,Unnamed: 4,Unnamed: 5,Unnamed: 6,Unnamed: 7,Unnamed: 8,Unnamed: 9,Unnamed: 10,Unnamed: 11,Unnamed: 12,Unnamed: 13,Unnamed: 14,Unnamed: 15,Unnamed: 16,Unnamed: 17,Unnamed: 18,Unnamed: 19,Unnamed: 20,Unnamed: 21,Unnamed: 22,Unnamed: 23,Unnamed: 24,Unnamed: 25,Unnamed: 26,Unnamed: 27,Unnamed: 28,Unnamed: 29
"Census of Population and Housing - Counts of Aboriginal and Torres Strait Islander Australians, 2021",,,,,,,,,,,,,,,,,,,,,,,,,,,,,
Released at 11.30am (Canberra time) 20 June 2023,,,,,,,,,,,,,,,,,,,,,,,,,,,,,
"Table 7. Census counts by State/Territory by Remoteness Areas, Aboriginal and/or Torres Strait Strait Islander persons, 2011-2021",,,,,,,,,,,,,,,,,,,,,,,,,,,,,
,,,,,,,,,,,,,,,,,,,,,,,,,,,,,
,NSW,VIC,QLD,SA,WA,TAS,NT,ACT ,Australia(a),,NSW,VIC,QLD,SA,WA,TAS,NT,ACT ,Australia(a),,NSW,VIC,QLD,SA,WA,TAS,NT,ACT ,Australia(a)
,Counts,,,,,,,,,,%,,,,,,,,,,%,,,,,,,,
,2011,,,,,,,,,,2011,,,,,,,,,,Intercensal change,,,,,,,,
Non-remote,164123,37646,124883,24938,41343,18910,11099,5155,428323,,95.1,99.1,80.1,81.9,59.3,96.4,19.5,99.4,78.1,,..,..,..,..,..,..,..,..,..
Major Cities,76169,18552,47452,15106,26115,..,..,5147,188548,,44.1,48.8,30.5,49.6,37.5,0,0,99.3,34.4,,..,..,..,..,..,..,..,..,..
Inner Regional Australia,58198,13430,31158,2499,5133,10638,..,10,121293,,33.7,35.3,20,8.2,7.4,54.2,0,0.2,22.1,,..,..,..,..,..,..,..,..,..
Outer Regional Australia,29755,5670,46267,7332,10096,8268,11099,..,118483,,17.2,14.9,29.7,24.1,14.5,42.1,19.5,0,21.6,,..,..,..,..,..,..,..,..,..
Remote,7584,61,30212,5335,27858,638,45540,..,117244,,4.4,0.2,19.4,17.5,40,3.3,80.2,0,21.4,,..,..,..,..,..,..,..,..,..
Remote Australia,4854,61,10638,1210,11068,478,11435,..,39755,,2.8,0.2,6.8,4,15.9,2.4,20.1,0,7.2,,..,..,..,..,..,..,..,..,..
Very Remote,2732,0,19574,4122,16789,161,34105,..,77489,,1.6,0,12.6,13.5,24.1,0.8,60.1,0,14.1,,..,..,..,..,..,..,..,..,..
,,,,,,,,,,,,,,,,,,,,,,,,,,,,,
Australia(b),172625,37992,155826,30432,69664,19625,56779,5184,548368,,100,100,100,100,100,100,100,100,100,,..,..,..,..,..,..,..,..,..
,2016,,,,,,,,,,2016,,,,,,,,,,2011-2016 intercensal change,,,,,,,,
Non-remote,207769,47474,153881,28915,46483,22840,11960,6476,526009,,96.1,99.3,82.5,84.6,61.2,96.9,20.5,99.5,81,,26.593469531997343,26.106359241353662,23.220134045466555,15.947549923811053,12.432576252328085,20.78265468006346,7.757455626633029,25.625606207565472,22.80662023753102
Major Cities,100291,24769,63029,17726,30242,..,..,6465,242529,,46.4,51.8,33.8,51.9,39.8,..,..,99.3,37.4,,31.669051713951866,33.51121172919362,32.8268566129984,17.34410168145108,15.803178250047864,..,..,25.607149795997667,28.62984492012644
Inner Regional Australia,74493,16684,41469,3673,5821,13254,..,12,155602,,34.5,34.9,22.2,10.7,7.7,56.2,..,0.2,24,,27.99924396027355,24.22933730454207,33.09262468707876,46.97879151660664,13.4034677576466,24.591088550479416,..,20,28.286051132381917
Outer Regional Australia,32985,6024,49385,7515,10419,9589,11960,..,127874,,15.3,12.6,26.5,22,13.7,40.7,20.5,..,19.7,,10.85531843387666,6.243386243386243,6.739144530659001,2.495908346972177,3.199286846275753,15.977261731978713,7.757455626633029,..,7.926031582589907
Remote,7553,34,31800,5020,28900,677,45590,..,119595,,3.5,0.1,17.1,14.7,38,2.9,78.3,..,18.4,,-0.4087552742616034,-44.26229508196721,5.256189593538991,-5.904404873477039,3.7403977313518557,6.112852664576803,0.10979358805445763,..,2.005219883320255
Remote Australia,5591,34,11043,1315,9665,490,12069,..,40210,,2.6,0.1,5.9,3.8,12.7,2.1,20.7,..,6.2,,15.183353934899053,-44.26229508196721,3.807106598984772,8.677685950413224,-12.676183592338273,2.510460251046025,5.5443812855268915,..,1.14451012451264
Very Remote,1961,..,20757,3706,19239,182,33516,..,79383,,0.9,..,11.1,10.8,25.3,0.8,57.5,..,12.2,,-28.221083455344072,..,6.043731480535404,-10.092188258127123,14.59288820060754,13.043478260869565,-1.7270194986072425,..,2.4442178889906954
,,,,,,,,,,,,,,,,,,,,,,,,,,,,,
Australia(b),216176,47788,186482,34184,75978,23572,58248,6508,649171,,100,100,100,100,100,100,100,100,100,,25.228674873280234,25.78437565803327,19.6732252640766,12.32912723449001,9.063504823151124,20.112101910828027,2.5872241497736836,25.540123456790127,18.382363668193623
,2021,,,,,,,,,,2021,,,,,,,,,,2016-2021 intercensal change,,,,,,,,
Non-remote,270337,65133,204216,36511,59120,29305,14539,8908,688262,,97.2,99.2,86.1,85.8,66.7,97.1,23.8,99.5,84.7,,30.114213381207012,37.19720267936133,32.7103411077391,26.270102023171365,27.18628315728331,28.305604203152363,21.563545150501675,37.554045707226685,30.846050162639806
Major Cities,135921,34553,90830,23272,40806,..,..,8887,334259,,48.9,52.6,38.3,54.7,46,..,..,99.3,41.1,,35.52661754295002,39.50098913965037,44.10826762284028,31.287374478167663,34.931552146022085,..,..,37.46326372776489,37.82228104680265
Inner Regional Australia,100448,22884,54484,3609,7426,14818,..,21,203876,,36.1,34.9,23,8.5,8.4,49.1,..,0.2,25.1,,34.84219993824923,37.161352193718535,31.384889917769897,-1.74244486795535,27.57258203057894,11.800211256979026,..,75,31.024022827470084
Outer Regional Australia,33964,7694,58902,9637,10888,14490,14539,..,150118,,12.2,11.7,24.8,22.6,12.3,48,23.8,..,18.5,,2.968015764741549,27.722443559096945,19.271033714690695,28.236859614105125,4.501391688261829,51.11064761706121,21.563545150501675,..,17.395248447690694
Remote,6473,54,31900,5660,28070,730,45289,..,118205,,2.3,0.1,13.4,13.3,31.6,2.4,74.1,..,14.5,,-14.298954057990201,58.82352941176471,0.3144654088050315,12.749003984063744,-2.8719723183391004,7.828655834564254,-0.6602325071287563,..,-1.1622559471549814
Remote Australia,4339,54,12252,1674,10411,548,14794,..,44072,,1.6,0.1,5.2,3.9,11.7,1.8,24.2,..,5.4,,-22.393131818994814,58.82352941176471,10.948111926107035,27.300380228136884,7.718572167615107,11.83673469387755,22.57850691855166,..,9.604575976125341
Very Remote,2137,..,19644,3990,17659,178,30493,..,74135,,0.8,..,8.3,9.4,19.9,0.6,49.9,..,9.1,,8.975012748597653,..,-5.362046538517127,7.663248785752834,-8.212485056395863,-2.197802197802198,-9.019572741377253,..,-6.610987239081416
,,,,,,,,,,,,,,,,,,,,,,,,,,,,,
Australia(b),278043,65646,237303,42562,88693,30186,61115,8949,812728,,100,100,100,100,100,100,100,100,100,,28.618810598771372,37.36921402862644,27.252496219474263,24.508542007956937,16.735107531127433,28.058713728152046,4.92205740969647,37.50768285187462,25.19474837908656
Data is based on place of usual residence. Excludes overseas visitors.,,,,,,,,,,,,,,,,,,,,,,,,,,,,,
,,,,,,,,,,,,,,,,,,,,,,,,,,,,,
(a) Includes Other Territories.,,,,,,,,,,,,,,,,,,,,,,,,,,,,,
(b) Includes  Migratory - Offshore - Shipping and No usual address.,,,,,,,,,,,,,,,,,,,,,,,,,,,,,
,,,,,,,,,,,,,,,,,,,,,,,,,,,,,
.. Not applicable,,,,,,,,,,,,,,,,,,,,,,,,,,,,,
,,,,,,,,,,,,,,,,,,,,,,,,,,,,,
 Please note that there are small random adjustments made to all cell values to protect the confidentiality of data. These adjustments may cause the sum of rows or columns to differ by small amounts from table totals.,,,,,,,,,,,,,,,,,,,,,,,,,,,,,
,,,,,,,,,,,,,,,,,,,,,,,,,,,,,
© Commonwealth of Australia 2023,,,,,,,,,,,,,,,,,,,,,,,,,,,,,
