            Australian Bureau of Statistics,Unnamed: 1,Unnamed: 2,Unnamed: 3,Unnamed: 4,Unnamed: 5,Unnamed: 6,Unnamed: 7,Unnamed: 8,Unnamed: 9,Unnamed: 10,Unnamed: 11,Unnamed: 12,Unnamed: 13,Unnamed: 14,Unnamed: 15,Unnamed: 16,Unnamed: 17,Unnamed: 18,Unnamed: 19
"Census of Population and Housing - Counts of Aboriginal and Torres Strait Islander Australians, 2021",,,,,,,,,,,,,,,,,,,
Released at 11.30am (Canberra time) 20 June 2023,,,,,,,,,,,,,,,,,,,
"Table 8. Census counts by Index of Relative Socio-economic Advantage and Disadvantage by State/Territory by Remoteness Areas, Aboriginal and/or Torres Strait Strait Islander persons, 2021",,,,,,,,,,,,,,,,,,,
,,,,,,,,,,,,,,,,,,,
,NSW,VIC,QLD,SA,WA,TAS,NT,ACT ,Australia (a),,NSW,VIC,QLD,SA,WA,TAS,NT,ACT ,Australia(a)
,Counts,,,,,,,,,,%,,,,,,,,
Major Cities of Australia,,,,,,,,,,,,,,,,,,,
     Quintile 1,32081,5278,27619,9315,8071,..,..,28,82389,,23.6,15.3,30.4,40,19.8,..,..,0.3,24.6
     Quintile 2,32053,4810,12515,4732,10416,..,..,0,64527,,23.6,13.9,13.8,20.3,25.5,..,..,0,19.3
     Quintile 3,27479,10279,24870,6153,10979,..,..,260,80013,,20.2,29.7,27.4,26.4,26.9,..,..,2.9,23.9
     Quintile 4,23450,8407,18187,2189,8025,..,..,4849,65102,,17.3,24.3,20,9.4,19.7,..,..,54.6,19.5
     Quintile 5,20859,5783,7639,884,3325,..,..,3617,42100,,15.3,16.7,8.4,3.8,8.1,..,..,40.7,12.6
     Total(b),135921,34553,90830,23272,40806,..,..,8887,334259,,100,100,100,100,100,..,..,100,100
Inner Regional Australia,,,,,,,,,,,,,,,,,,,
     Quintile 1,36250,6874,30729,1818,2495,7198,..,0,85553,,36.1,30,56.4,50.4,33.6,48.6,..,0,42
     Quintile 2,37527,9867,14050,1254,3024,3034,..,8,68759,,37.4,43.1,25.8,34.7,40.7,20.5,..,38.1,33.7
     Quintile 3,21570,4484,7827,438,1692,2688,..,0,38697,,21.5,19.6,14.4,12.1,22.8,18.1,..,0,19
     Quintile 4,4055,1438,1802,89,214,1653,..,0,9248,,4,6.3,3.3,2.5,2.9,11.2,..,0,4.5
     Quintile 5,1042,228,87,14,0,238,..,18,1622,,1,1,0.2,0.4,0,1.6,..,85.7,0.8
     Total(b),100448,22884,54484,3609,7426,14818,..,21,203876,,100,100,100,100,100,100,..,100,100
Outer Regional Australia,,,,,,,,,,,,,,,,,,,
     Quintile 1,16311,4146,29022,8620,4465,9723,1399,..,73686,,48,53.9,49.3,89.4,41,67.1,9.6,..,49.1
     Quintile 2,16407,2949,18122,986,2893,4124,3648,..,49132,,48.3,38.3,30.8,10.2,26.6,28.5,25.1,..,32.7
     Quintile 3,1133,597,8568,28,3532,577,2739,..,17178,,3.3,7.8,14.5,0.3,32.4,4,18.8,..,11.4
     Quintile 4,105,0,3193,0,0,63,5808,..,9172,,0.3,0,5.4,0,0,0.4,39.9,..,6.1
     Quintile 5,8,0,0,0,0,0,926,..,937,,0,0,0,0,0,0,6.4,..,0.6
     Total(b),33964,7694,58902,9637,10888,14490,14539,..,150118,,100,100,100,100,100,100,100,..,100
Total Non-remote,,,,,,,,,,,,,,,,,,,
     Quintile 1,84641,16301,87366,19754,15031,16925,1399,28,241632,,31.3,25,42.8,54.1,25.4,57.8,9.6,0.3,35.1
     Quintile 2,85991,17625,44689,6976,16330,7158,3648,8,182418,,31.8,27.1,21.9,19.1,27.6,24.4,25.1,0.1,26.5
     Quintile 3,50183,15362,41256,6616,16207,3270,2739,260,135891,,18.6,23.6,20.2,18.1,27.4,11.2,18.8,2.9,19.7
     Quintile 4,27609,9839,23183,2270,8237,1720,5808,4849,83520,,10.2,15.1,11.4,6.2,13.9,5.9,39.9,54.4,12.1
     Quintile 5,21906,6007,7716,894,3325,238,926,3633,44660,,8.1,9.2,3.8,2.4,5.6,0.8,6.4,40.8,6.5
     Total(b),270337,65133,204216,36511,59120,29305,14539,8908,688262,,100,100,100,100,100,100,100,100,100
Remote Australia,,,,,,,,,,,,,,,,,,,
     Quintile 1,2368,32,5261,1077,31,456,6968,..,16195,,54.6,59.3,42.9,64.3,0.3,83.2,47.1,..,36.7
     Quintile 2,1972,14,6658,398,3641,92,2480,..,15258,,45.4,25.9,54.3,23.8,35,16.8,16.8,..,34.6
     Quintile 3,0,0,329,198,4900,0,4957,..,10388,,0,0,2.7,11.8,47.1,0,33.5,..,23.6
     Quintile 4,0,0,9,0,1836,0,388,..,2229,,0,0,0.1,0,17.6,0,2.6,..,5.1
     Quintile 5,0,0,0,0,0,0,0,..,0,,0,0,0,0,0,0,0,..,0
     Total(b),4339,54,12252,1674,10411,548,14794,..,44072,,100,100,100,100,100,100,100,..,100
Very Remote Australia,,,,,,,,,,,,,,,,,,,
     Quintile 1,809,..,14192,3017,13412,0,30193,..,61618,,37.9,..,72.2,75.6,75.9,0,99,..,83.1
     Quintile 2,1323,..,4273,972,2515,178,0,..,9299,,61.9,..,21.8,24.4,14.2,100,0,..,12.5
     Quintile 3,5,..,365,0,1734,0,0,..,2102,,0.2,..,1.9,0,9.8,0,0,..,2.8
     Quintile 4,0,..,814,0,0,0,301,..,1116,,0,..,4.1,0,0,0,1,..,1.5
     Quintile 5,0,..,0,0,0,0,0,..,0,,0,..,0,0,0,0,0,..,0
     Total(b),2137,..,19644,3990,17659,178,30493,..,74135,,100,..,100,100,100,100,100,..,100
Total Remote,,,,,,,,,,,,,,,,,,,
     Quintile 1,3174,32,19459,4093,13446,456,37160,..,77817,,49,59.3,61,72.3,47.9,62.5,82.1,..,65.8
     Quintile 2,3295,14,10932,1371,6154,276,2480,..,24558,,50.9,25.9,34.3,24.2,21.9,37.8,5.5,..,20.8
     Quintile 3,5,0,691,198,6639,0,4957,..,12491,,0.1,0,2.2,3.5,23.7,0,10.9,..,10.6
     Quintile 4,0,0,815,0,1836,0,695,..,3345,,0,0,2.6,0,6.5,0,1.5,..,2.8
     Quintile 5,0,0,0,0,0,0,0,..,0,,0,0,0,0,0,0,0,..,0
     Total(b),6473,54,31900,5660,28070,730,45289,..,118205,,100,100,100,100,100,100,100,..,100
Australia(b),,,,,,,,,,,,,,,,,,,
     Quintile 1,87817,16334,106824,23846,28468,17379,38559,28,319446,,31.6,24.9,45,56,32.1,57.6,63.1,0.3,39.3
     Quintile 2,89282,17639,55622,8349,22488,7429,6130,8,206979,,32.1,26.9,23.4,19.6,25.4,24.6,10,0.1,25.5
     Quintile 3,50188,15362,41952,6818,22837,3270,7699,260,148384,,18.1,23.4,17.7,16,25.7,10.8,12.6,2.9,18.3
     Quintile 4,27609,9839,24001,2270,10069,1720,6498,4849,86857,,9.9,15,10.1,5.3,11.4,5.7,10.6,54.2,10.7
     Quintile 5,21906,6007,7716,894,3325,238,926,3633,44660,,7.9,9.2,3.3,2.1,3.7,0.8,1.5,40.6,5.5
     Total(c),278043,65646,237303,42562,88693,30186,61115,8949,812728,,100,100,100,100,100,100,100,100,100
Data is based on place of usual residence. Excludes overseas visitors.,,,,,,,,,,,,,,,,,,,
,,,,,,,,,,,,,,,,,,,
(a) Includes Other Territories.,,,,,,,,,,,,,,,,,,,
"(b) Includes regions not applicable for a SEIFA score. Due to non-response and low population levels in some SA1s, not every area can be given a meaningful index score",,,,,,,,,,,,,,,,,,,
(c) Includes  Migratory - Offshore - Shipping and No usual address.,,,,,,,,,,,,,,,,,,,
,,,,,,,,,,,,,,,,,,,
Quintiles used are area based at SA2 level. For furthwe information refer to:,,,,,,,,,,,,,,,,,,,
"Socio-Economic Indexes for Areas (SEIFA), Australia, 2021 | Australian Bureau of Statistics (abs.gov.au)",,,,,,,,,,,,,,,,,,,
,,,,,,,,,,,,,,,,,,,
.. Not applicable,,,,,,,,,,,,,,,,,,,
,,,,,,,,,,,,,,,,,,,
 Please note that there are small random adjustments made to all cell values to protect the confidentiality of data. These adjustments may cause the sum of rows or columns to differ by small amounts from table totals.,,,,,,,,,,,,,,,,,,,
,,,,,,,,,,,,,,,,,,,
© Commonwealth of Australia 2023,,,,,,,,,,,,,,,,,,,
