            Australian Bureau of Statistics,Unnamed: 1,Unnamed: 2,Unnamed: 3,Unnamed: 4,Unnamed: 5,Unnamed: 6,Unnamed: 7,Unnamed: 8
"Census of Population and Housing - Counts of Aboriginal and Torres Strait Islander Australians, 2021",,,,,,,,
Released at 11.30am (Canberra time) 20 June 2023,,,,,,,,
"Table 1: Census Counts by Indigenous Status by Remoteness Areas, 2011 - 2021",,,,,,,,
,,,,,,,,
,Major Cities,Inner Regional Australia,Outer Regional Australia,Non-remote,Remote Australia,Very Remote,Remote,Australia(a)
,COUNT OF PERSONS (no.),,,,,,,
,2011,,,,,,,
,,,,,,,,
Aboriginal and/or Torres Strait Islander,188548,121293,118483,428323,39755,77489,117244,548368
Aboriginal,174126,112016,101691,387838,37747,67614,105362,495754
Torres Strait Islander,8841,5558,9686,24089,746,6445,7184,31407
Both Aboriginal and Torres Strait Islander,5582,3711,7101,16399,1265,3435,4693,21205
Non-Indigenous,14094898,3695430,1735630,19525954,234828,98567,333398,19900765
Not stated,723075,181701,109288,1014065,25520,14208,39729,1058585
,,,,,,,,
Total (Census 2011),15006523,3998417,1963404,20968351,300104,190268,490369,21507719
,2016,,,,,,,
,,,,,,,,
Aboriginal and/or Torres Strait Islander,242529,155602,127874,526009,40210,79383,119595,649171
Aboriginal,226320,144907,109760,480985,37972,67796,105765,590056
Torres Strait Islander,9155,5644,9551,24346,763,7098,7855,32345
Both Aboriginal and Torres Strait Islander,7056,5053,8572,20676,1476,4493,5971,26767
Non-Indigenous,15495768,3809569,1695430,21000766,211269,93127,304394,21341231
Not stated,895790,290208,169404,1355401,31413,17957,49371,1411491
,,,,,,,,
Total (Census 2016),16634078,4255381,1992711,22882169,282892,190461,473356,23401892
,2021,,,,,,,
,,,,,,,,
Aboriginal and/or Torres Strait Islander,334259,203876,150118,688262,44072,74135,118205,812728
Aboriginal,312856,190414,128409,631677,41591,63668,105264,742882
Torres Strait Islander,10540,6225,10076,26836,779,6006,6788,33765
Both Aboriginal and Torres Strait Islander,10870,7241,11636,29747,1700,4461,6163,36083
Non-Indigenous,17234345,4073016,1733888,23041242,211042,86041,297082,23375949
Not stated,746448,258845,165005,1170299,32254,22510,54769,1234112
,,,,,,,,
Total (Census 2021),18315048,4535738,2049015,24899796,287367,182689,470060,25422788
,PROPORTION OF PERSONS ACROSS ALL REMOTENESS AREAS (%),,,,,,,
,2011,,,,,,,
,,,,,,,,
Aboriginal and/or Torres Strait Islander,34.4,22.1,21.6,78.1,7.2,14.1,21.4,100
Aboriginal,35.1,22.6,20.5,78.2,7.6,13.6,21.3,100
Torres Strait Islander,28.1,17.7,30.8,76.7,2.4,20.5,22.9,100
Both Aboriginal and Torres Strait Islander,26.3,17.5,33.5,77.3,6,16.2,22.1,100
Non-Indigenous,70.8,18.6,8.7,98.1,1.2,0.5,1.7,100
Not stated,68.3,17.2,10.3,95.8,2.4,1.3,3.8,100
,,,,,,,,
Total (Census 2011),69.8,18.6,9.1,97.5,1.4,0.9,2.3,100
,2016,,,,,,,
,,,,,,,,
Aboriginal and/or Torres Strait Islander,37.4,24,19.7,81,6.2,12.2,18.4,100
Aboriginal,38.4,24.6,18.6,81.5,6.4,11.5,17.9,100
Torres Strait Islander,28.3,17.4,29.5,75.3,2.4,21.9,24.3,100
Both Aboriginal and Torres Strait Islander,26.4,18.9,32,77.2,5.5,16.8,22.3,100
Non-Indigenous,72.6,17.9,7.9,98.4,1,0.4,1.4,100
Not stated,63.5,20.6,12,96,2.2,1.3,3.5,100
,,,,,,,,
Total (Census 2016),71.1,18.2,8.5,97.8,1.2,0.8,2,100
,2021,,,,,,,
,,,,,,,,
Aboriginal and/or Torres Strait Islander,41.1,25.1,18.5,84.7,5.4,9.1,14.5,100
Aboriginal,42.1,25.6,17.3,85,5.6,8.6,14.2,100
Torres Strait Islander,31.2,18.4,29.8,79.5,2.3,17.8,20.1,100
Both Aboriginal and Torres Strait Islander,30.1,20.1,32.2,82.4,4.7,12.4,17.1,100
Non-Indigenous,73.7,17.4,7.4,98.6,0.9,0.4,1.3,100
Not stated,60.5,21,13.4,94.8,2.6,1.8,4.4,100
,,,,,,,,
Total (Census 2021),72,17.8,8.1,97.9,1.1,0.7,1.8,100
,PROPORTION OF PERSONS WITHIN EACH REMOTENESS AREA (%),,,,,,,
,2011,,,,,,,
,,,,,,,,
Aboriginal and/or Torres Strait Islander,1.3,3,6,2,13.2,40.7,23.9,2.5
Aboriginal,1.2,2.8,5.2,1.8,12.6,35.5,21.5,2.3
Torres Strait Islander,0.1,0.1,0.5,0.1,0.2,3.4,1.5,0.1
Both Aboriginal and Torres Strait Islander,0,0.1,0.4,0.1,0.4,1.8,1,0.1
Non-Indigenous,93.9,92.4,88.4,93.1,78.2,51.8,68,92.5
Not stated,4.8,4.5,5.6,4.8,8.5,7.5,8.1,4.9
,,,,,,,,
Total (Census 2011),100,100,100,100,100,100,100,100
,2016,,,,,,,
,,,,,,,,
Aboriginal and/or Torres Strait Islander,1.5,3.7,6.4,2.3,14.2,41.7,25.3,2.8
Aboriginal,1.4,3.4,5.5,2.1,13.4,35.6,22.3,2.5
Torres Strait Islander,0.1,0.1,0.5,0.1,0.3,3.7,1.7,0.1
Both Aboriginal and Torres Strait Islander,0,0.1,0.4,0.1,0.5,2.4,1.3,0.1
Non-Indigenous,93.2,89.5,85.1,91.8,74.7,48.9,64.3,91.2
Not stated,5.4,6.8,8.5,5.9,11.1,9.4,10.4,6
,,,,,,,,
Total (Census 2016),100,100,100,100,100,100,100,100
,2021,,,,,,,
,,,,,,,,
Aboriginal and/or Torres Strait Islander,1.8,4.5,7.3,2.8,15.3,40.6,25.1,3.2
Aboriginal,1.7,4.2,6.3,2.5,14.5,34.9,22.4,2.9
Torres Strait Islander,0.1,0.1,0.5,0.1,0.3,3.3,1.4,0.1
Both Aboriginal and Torres Strait Islander,0.1,0.2,0.6,0.1,0.6,2.4,1.3,0.1
Non-Indigenous,94.1,89.8,84.6,92.5,73.4,47.1,63.2,91.9
Not stated,4.1,5.7,8.1,4.7,11.2,12.3,11.7,4.9
,,,,,,,,
Total (Census 2021),100,100,100,100,100,100,100,100
Data is based on place of usual residence. Excludes overseas visitors.,,,,,,,,
,,,,,,,,
(a) Includes Migratory-Offshore-Shipping and No Usual Address.,,,,,,,,
,,,,,,,,
 Please note that there are small random adjustments made to all cell values to protect the confidentiality of data. These adjustments may cause the sum of rows or columns to differ by small amounts from table totals.,,,,,,,,
,,,,,,,,
© Commonwealth of Australia 2023,,,,,,,,
