            Australian Bureau of Statistics,Unnamed: 1,Unnamed: 2,Unnamed: 3
"Census of Population and Housing - Counts of Aboriginal and Torres Strait Islander Australians, 2021",,,
Released at 11.30am (Canberra time) 20 June 2023,,,
,,,
 Table by Topic,,,
,,,
Topic,Disaggregation,Collection,
Census Counts by Indigenous Status,"Remoteness Areas, Indigenous Status","Census 2011, 2016 and 2021",Table 1
Census counts by State/Territory and Sex,"Remoteness Areas, State/Territory, Sex",Census 2021,Table 2
Census counts by age and sex,"Remoteness Areas, Age, Sex",Census 2011,Table 3
Census counts by age and sex,"Remoteness Areas, Age, Sex",Census 2016,Table 4
Census counts by age and sex,"Remoteness Areas, Age, Sex",Census 2021,Table 5
 Sex ratio by age,"Remoteness Areas, Age","Census 2011, 2016 and 2021",Table 6
Census counts by State/Territory and intercensal change,"Remoteness Areas, State/Territory",Census 2016 and 2021,Table 7
Census counts by State/Territory and SEIFA Index,"Remoteness Areas, State/Territory, SEIFA",Census 2021,Table 8
,,,
,,,
,,,
,,,
More information available from the ABS website,,,
,,,
,,,
Enquiries,,,
"Further information about these and related statistics is available from the ABS website www.abs.gov.au, or contact us at client.services@abs.gov.au.",,,
,,,
© Commonwealth of Australia 2023,,,
