            Australian Bureau of Statistics,Unnamed: 1,Unnamed: 2,Unnamed: 3,Unnamed: 4,Unnamed: 5,Unnamed: 6,Unnamed: 7,Unnamed: 8,Unnamed: 9,Unnamed: 10,Unnamed: 11,Unnamed: 12,Unnamed: 13,Unnamed: 14,Unnamed: 15,Unnamed: 16,Unnamed: 17,Unnamed: 18,Unnamed: 19,Unnamed: 20,Unnamed: 21,Unnamed: 22,Unnamed: 23,Unnamed: 24,Unnamed: 25,Unnamed: 26
"Census of Population and Housing - Counts of Aboriginal and Torres Strait Islander Australians, 2021",,,,,,,,,,,,,,,,,,,,,,,,,,
Released at 11.30am (Canberra time) 20 June 2023,,,,,,,,,,,,,,,,,,,,,,,,,,
"Table 5. Census counts by age and sex, Aboriginal and/or Torres Strait Islander persons, 2021",,,,,,,,,,,,,,,,,,,,,,,,,,
,,,,,,,,,,,,,,,,,,,,,,,,,,
,Major Cities,,,Inner Regional Australia,,,Outer Regional Australia,,,Non-remote,,,,Remote Australia,,,Very Remote,,,Remote,,,,Australia(a),,
,Male,Female,Total persons,Male,Female,Total persons,Male,Female,Total persons,Male,Female,Total persons,,Male,Female,Total persons,Male,Female,Total persons,Male,Female,Total persons,,Male,Female,Total persons
,COUNT OF PERSONS,,,,,,,,,,,,,,,,,,,,,,,,,
,,,,,,,,,,,,,,,,,,,,,,,,,,
0-4 years,18581,17722,36308,11813,10696,22513,7981,7627,15604,38374,36046,74423,,2192,2118,4308,3511,3264,6774,5707,5378,11083,,44318,41623,85941
5-9 years,18853,17516,36364,12255,11587,23839,8537,7983,16520,39642,37087,76731,,2411,2214,4628,3880,3589,7465,6291,5803,12093,,46072,43064,89137
10-14 years,18503,17727,36230,12464,12001,24474,8914,8636,17544,39878,38367,78248,,2403,2261,4659,3775,3533,7313,6175,5795,11973,,46186,44292,90473
15-19 years,17014,16088,33102,10258,10043,20308,7421,7197,14618,34699,33327,68027,,2023,1925,3949,3695,3431,7120,5713,5355,11070,,40602,38900,79501
20-24 years,15776,15990,31765,8606,8198,16804,6033,5538,11568,30413,29719,60135,,1720,1651,3371,3200,3321,6516,4914,4969,9885,,35593,34962,70555
25-29 years,14122,14246,28362,7441,7036,14475,5372,5329,10701,26931,26612,53545,,1586,1736,3323,2953,3099,6053,4544,4837,9373,,31746,31700,63452
30-34 years,11408,11824,23231,6270,6233,12501,4554,4754,9303,22225,22806,45035,,1555,1581,3133,2767,3015,5777,4326,4589,8909,,26847,27683,54522
35-39 years,9256,9911,19170,5397,5547,10946,4072,4299,8367,18726,19755,38481,,1413,1438,2844,2313,2695,5004,3722,4125,7847,,22786,24151,46934
40-44 years,7865,8560,16421,4588,4925,9513,3549,3985,7532,16005,17472,33472,,1209,1234,2444,2154,2275,4439,3372,3512,6882,,19738,21243,40978
45-49 years,7967,8748,16716,4714,5241,9954,3669,4077,7745,16351,18073,34418,,1178,1285,2466,1969,2132,4102,3145,3420,6564,,19845,21740,41587
50-54 years,7338,8368,15700,4528,5143,9669,3633,4156,7793,15498,17667,33167,,1138,1324,2465,1934,2138,4072,3072,3465,6535,,18890,21325,40221
55-59 years,5920,6915,12833,4057,4490,8543,3191,3655,6847,13169,15055,28225,,1002,1096,2098,1469,1616,3089,2472,2717,5184,,15854,17893,33750
60-64 years,4802,5454,10256,3560,3832,7393,2811,3027,5838,11175,12311,23489,,788,937,1724,1178,1353,2525,1963,2289,4247,,13291,14722,28008
65-69 years,3478,4017,7496,2627,2829,5453,2036,2256,4287,8140,9106,17244,,547,623,1171,791,902,1691,1346,1524,2860,,9569,10688,20259
70-74 years,2313,2675,4991,1810,1915,3725,1421,1514,2934,5549,6106,11649,,335,407,737,481,599,1078,810,1006,1821,,6399,7141,13544
75 years and over,2225,3068,5292,1684,2088,3777,1278,1620,2900,5185,6778,11968,,309,448,752,460,652,1110,761,1098,1864,,5973,7904,13877
Total,165427,168833,334259,102062,101819,203876,74475,75646,150118,341960,346301,688262,,21794,22275,44072,36529,37609,74135,58324,59882,118205,,403709,409025,812728
,DISTRIBUTION OF PERSONS - AGE GROUP (%),,,,,,,,,,,,,,,,,,,,,,,,,
,,,,,,,,,,,,,,,,,,,,,,,,,,
0-4 years,51.2,48.8,100,52.5,47.5,100,51.1,48.9,100,51.6,48.4,100,,50.9,49.2,100,51.8,48.2,100,51.5,48.5,100,,51.6,48.4,100
5-9 years,51.8,48.2,100,51.4,48.6,100,51.7,48.3,100,51.7,48.3,100,,52.1,47.8,100,52,48.1,100,52,48,100,,51.7,48.3,100
10-14 years,51.1,48.9,100,50.9,49,100,50.8,49.2,100,51,49,100,,51.6,48.5,100,51.6,48.3,100,51.6,48.4,100,,51,49,100
15-19 years,51.4,48.6,100,50.5,49.5,100,50.8,49.2,100,51,49,100,,51.2,48.7,100,51.9,48.2,100,51.6,48.4,100,,51.1,48.9,100
20-24 years,49.7,50.3,100,51.2,48.8,100,52.2,47.9,100,50.6,49.4,100,,51,49,100,49.1,51,100,49.7,50.3,100,,50.4,49.6,100
25-29 years,49.8,50.2,100,51.4,48.6,100,50.2,49.8,100,50.3,49.7,100,,47.7,52.2,100,48.8,51.2,100,48.5,51.6,100,,50,50,100
30-34 years,49.1,50.9,100,50.2,49.9,100,49,51.1,100,49.4,50.6,100,,49.6,50.5,100,47.9,52.2,100,48.6,51.5,100,,49.2,50.8,100
35-39 years,48.3,51.7,100,49.3,50.7,100,48.7,51.4,100,48.7,51.3,100,,49.7,50.6,100,46.2,53.9,100,47.4,52.6,100,,48.5,51.5,100
40-44 years,47.9,52.1,100,48.2,51.8,100,47.1,52.9,100,47.8,52.2,100,,49.5,50.5,100,48.5,51.3,100,49,51,100,,48.2,51.8,100
45-49 years,47.7,52.3,100,47.4,52.7,100,47.4,52.6,100,47.5,52.5,100,,47.8,52.1,100,48,52,100,47.9,52.1,100,,47.7,52.3,100
50-54 years,46.7,53.3,100,46.8,53.2,100,46.6,53.3,100,46.7,53.3,100,,46.2,53.7,100,47.5,52.5,100,47,53,100,,47,53,100
55-59 years,46.1,53.9,100,47.5,52.6,100,46.6,53.4,100,46.7,53.3,100,,47.8,52.2,100,47.6,52.3,100,47.7,52.4,100,,47,53,100
60-64 years,46.8,53.2,100,48.2,51.8,100,48.2,51.8,100,47.6,52.4,100,,45.7,54.4,100,46.7,53.6,100,46.2,53.9,100,,47.5,52.6,100
65-69 years,46.4,53.6,100,48.2,51.9,100,47.5,52.6,100,47.2,52.8,100,,46.7,53.2,100,46.8,53.3,100,47.1,53.3,100,,47.2,52.8,100
70-74 years,46.3,53.6,100,48.6,51.4,100,48.4,51.6,100,47.6,52.4,100,,45.5,55.2,100,44.6,55.6,100,44.5,55.2,100,,47.2,52.7,100
75 years and over,42,58,100,44.6,55.3,100,44.1,55.9,100,43.3,56.6,100,,41.1,59.6,100,41.4,58.7,100,40.8,58.9,100,,43,57,100
Total,49.5,50.5,100,50.1,49.9,100,49.6,50.4,100,49.7,50.3,100,,49.5,50.5,100,49.3,50.7,100,49.3,50.7,100,,49.7,50.3,100
,DISTRIBUTION OF PERSONS - ALL AGES (%),,,,,,,,,,,,,,,,,,,,,,,,,
,,,,,,,,,,,,,,,,,,,,,,,,,,
0-4 years,11.2,10.5,10.9,11.6,10.5,11,10.7,10.1,10.4,11.2,10.4,10.8,,10.1,9.5,9.8,9.6,8.7,9.1,9.8,9,9.4,,11,10.2,10.6
5-9 years,11.4,10.4,10.9,12,11.4,11.7,11.5,10.6,11,11.6,10.7,11.1,,11.1,9.9,10.5,10.6,9.5,10.1,10.8,9.7,10.2,,11.4,10.5,11
10-14 years,11.2,10.5,10.8,12.2,11.8,12,12,11.4,11.7,11.7,11.1,11.4,,11,10.2,10.6,10.3,9.4,9.9,10.6,9.7,10.1,,11.4,10.8,11.1
15-19 years,10.3,9.5,9.9,10.1,9.9,10,10,9.5,9.7,10.1,9.6,9.9,,9.3,8.6,9,10.1,9.1,9.6,9.8,8.9,9.4,,10.1,9.5,9.8
20-24 years,9.5,9.5,9.5,8.4,8.1,8.2,8.1,7.3,7.7,8.9,8.6,8.7,,7.9,7.4,7.6,8.8,8.8,8.8,8.4,8.3,8.4,,8.8,8.5,8.7
25-29 years,8.5,8.4,8.5,7.3,6.9,7.1,7.2,7,7.1,7.9,7.7,7.8,,7.3,7.8,7.5,8.1,8.2,8.2,7.8,8.1,7.9,,7.9,7.8,7.8
30-34 years,6.9,7,6.9,6.1,6.1,6.1,6.1,6.3,6.2,6.5,6.6,6.5,,7.1,7.1,7.1,7.6,8,7.8,7.4,7.7,7.5,,6.7,6.8,6.7
35-39 years,5.6,5.9,5.7,5.3,5.4,5.4,5.5,5.7,5.6,5.5,5.7,5.6,,6.5,6.5,6.5,6.3,7.2,6.7,6.4,6.9,6.6,,5.6,5.9,5.8
40-44 years,4.8,5.1,4.9,4.5,4.8,4.7,4.8,5.3,5,4.7,5,4.9,,5.5,5.5,5.5,5.9,6,6,5.8,5.9,5.8,,4.9,5.2,5
45-49 years,4.8,5.2,5,4.6,5.1,4.9,4.9,5.4,5.2,4.8,5.2,5,,5.4,5.8,5.6,5.4,5.7,5.5,5.4,5.7,5.6,,4.9,5.3,5.1
50-54 years,4.4,5,4.7,4.4,5.1,4.7,4.9,5.5,5.2,4.5,5.1,4.8,,5.2,5.9,5.6,5.3,5.7,5.5,5.3,5.8,5.5,,4.7,5.2,4.9
55-59 years,3.6,4.1,3.8,4,4.4,4.2,4.3,4.8,4.6,3.9,4.3,4.1,,4.6,4.9,4.8,4,4.3,4.2,4.2,4.5,4.4,,3.9,4.4,4.2
60-64 years,2.9,3.2,3.1,3.5,3.8,3.6,3.8,4,3.9,3.3,3.6,3.4,,3.6,4.2,3.9,3.2,3.6,3.4,3.4,3.8,3.6,,3.3,3.6,3.4
65-69 years,2.1,2.4,2.2,2.6,2.8,2.7,2.7,3,2.9,2.4,2.6,2.5,,2.5,2.8,2.7,2.2,2.4,2.3,2.3,2.5,2.4,,2.4,2.6,2.5
70-74 years,1.4,1.6,1.5,1.8,1.9,1.8,1.9,2,2,1.6,1.8,1.7,,1.5,1.8,1.7,1.3,1.6,1.5,1.4,1.7,1.5,,1.6,1.7,1.7
75 years and over,1.3,1.8,1.6,1.6,2.1,1.9,1.7,2.1,1.9,1.5,2,1.7,,1.4,2,1.7,1.3,1.7,1.5,1.3,1.8,1.6,,1.5,1.9,1.7
Total,100,100,100,100,100,100,100,100,100,100,100,100,,100,100,100,100,100,100,100,100,100,,100,100,100
Data is based on place of usual residence. Excludes overseas visitors.,,,,,,,,,,,,,,,,,,,,,,,,,,
,,,,,,,,,,,,,,,,,,,,,,,,,,
(a) Includes  Migratory - Offshore - Shipping and No usual address.,,,,,,,,,,,,,,,,,,,,,,,,,,
,,,,,,,,,,,,,,,,,,,,,,,,,,
Please note that there are small random adjustments made to all cell values to protect the confidentiality of data. These adjustments may cause the sum of rows or columns to differ by small amounts from table totals.,,,,,,,,,,,,,,,,,,,,,,,,,,
,,,,,,,,,,,,,,,,,,,,,,,,,,
© Commonwealth of Australia 2023,,,,,,,,,,,,,,,,,,,,,,,,,,
