            Australian Bureau of Statistics,Unnamed: 1,Unnamed: 2,Unnamed: 3,Unnamed: 4,Unnamed: 5
"Census of Population and Housing - Counts of Aboriginal and Torres Strait Islander Australians, 2021",,,,,
Released at 11.30am (Canberra time) 31 August 2022,,,,,
"Table 2.1: Australian Statistical Geography Standard (ASGS) Indigenous Structure, South Australia, 2021",,,,,
,,,,,
"Australian Statistical Geography Standard (ASGS) Indigenous Structure, South Australia(a)",,,,,
Indigenous Region (IREG) code,Indigenous Region (IREG) name,Indigenous Area (IARE) code,Indigenous Area (IARE) name,Indigenous Location (ILOC) code,Indigenous Location (ILOC) name
IREG401,Adelaide,IARE401001,Adelaide - Prospect - Walkerville,ILOC40100101,Adelaide - Central
IREG401,Adelaide,IARE401001,Adelaide - Prospect - Walkerville,ILOC40100102,Prospect - Walkerville
IREG401,Adelaide,IARE401002,Adelaide Hills - Mount Barker,ILOC40100201,Adelaide Hills
IREG401,Adelaide,IARE401002,Adelaide Hills - Mount Barker,ILOC40100202,Mount Barker
IREG401,Adelaide,IARE401003,Barossa,ILOC40100301,Barossa
IREG401,Adelaide,IARE401004,Berri - Barmera,ILOC40100401,Barmera
IREG401,Adelaide,IARE401004,Berri - Barmera,ILOC40100402,Berri
IREG401,Adelaide,IARE401005,Campbelltown - Norwood,ILOC40100501,Campbelltown
IREG401,Adelaide,IARE401005,Campbelltown - Norwood,ILOC40100502,Norwood - Payneham - St Peters
IREG401,Adelaide,IARE401006,Charles Sturt,ILOC40100601,Charles Sturt - Coast
IREG401,Adelaide,IARE401006,Charles Sturt,ILOC40100602,Charles Sturt - Inner East
IREG401,Adelaide,IARE401006,Charles Sturt,ILOC40100603,Charles Sturt - Inner West
IREG401,Adelaide,IARE401006,Charles Sturt,ILOC40100604,Charles Sturt - North-East
IREG401,Adelaide,IARE401007,Fleurieu - Kangaroo Island,ILOC40100701,Fleurieu - Kangaroo Island
IREG401,Adelaide,IARE401008,Gawler,ILOC40100801,Gawler
IREG401,Adelaide,IARE401009,Holdfast Bay - West Torrens,ILOC40100901,Holdfast Bay
IREG401,Adelaide,IARE401009,Holdfast Bay - West Torrens,ILOC40100902,West Torrens
IREG401,Adelaide,IARE401010,Loxton - Waikerie - Mid Murray,ILOC40101001,Loxton - Waikerie
IREG401,Adelaide,IARE401010,Loxton - Waikerie - Mid Murray,ILOC40101002,Mid Murray
IREG401,Adelaide,IARE401011,Marion,ILOC40101101,Marion - Central
IREG401,Adelaide,IARE401011,Marion,ILOC40101102,Marion - North
IREG401,Adelaide,IARE401011,Marion,ILOC40101103,Marion - South
IREG401,Adelaide,IARE401012,Murray Bridge,ILOC40101201,Murray Bridge
IREG401,Adelaide,IARE401013,Murray Mallee,ILOC40101301,Meningie
IREG401,Adelaide,IARE401013,Murray Mallee,ILOC40101302,Murray Mallee
IREG401,Adelaide,IARE401013,Murray Mallee,ILOC40101303,Raukkan
IREG401,Adelaide,IARE401014,Onkaparinga,ILOC40101401,Onkaparinga - Central North
IREG401,Adelaide,IARE401014,Onkaparinga,ILOC40101402,Onkaparinga - North Coast
IREG401,Adelaide,IARE401014,Onkaparinga,ILOC40101403,Onkaparinga - South
IREG401,Adelaide,IARE401015,Playford,ILOC40101501,Playford - Central West
IREG401,Adelaide,IARE401015,Playford,ILOC40101502,Playford - East
IREG401,Adelaide,IARE401015,Playford,ILOC40101503,Playford - Elizabeth
IREG401,Adelaide,IARE401015,Playford,ILOC40101504,Playford - West
IREG401,Adelaide,IARE401016,Port Adelaide - Enfield,ILOC40101601,Port Adelaide - Enfield - Coast
IREG401,Adelaide,IARE401016,Port Adelaide - Enfield,ILOC40101602,Port Adelaide - Enfield - East
IREG401,Adelaide,IARE401016,Port Adelaide - Enfield,ILOC40101603,Port Adelaide - Enfield - Inner
IREG401,Adelaide,IARE401016,Port Adelaide - Enfield,ILOC40101604,Port Adelaide - Enfield - Park
IREG401,Adelaide,IARE401016,Port Adelaide - Enfield,ILOC40101605,Port Adelaide - Enfield - Port
IREG401,Adelaide,IARE401017,Renmark Paringa,ILOC40101701,Renmark Paringa
IREG401,Adelaide,IARE401018,Salisbury,ILOC40101801,Salisbury - Central
IREG401,Adelaide,IARE401018,Salisbury,ILOC40101802,Salisbury - North-East
IREG401,Adelaide,IARE401018,Salisbury,ILOC40101803,Salisbury - South-East
IREG401,Adelaide,IARE401018,Salisbury,ILOC40101804,Salisbury - West
IREG401,Adelaide,IARE401019,South-East,ILOC40101901,Limestone Coast
IREG401,Adelaide,IARE401019,South-East,ILOC40101902,Mount Gambier
IREG401,Adelaide,IARE401020,Tea Tree Gully,ILOC40102001,Tea Tree Gully
IREG401,Adelaide,IARE401021,Unley - Burnside - Mitcham,ILOC40102101,Burnside
IREG401,Adelaide,IARE401021,Unley - Burnside - Mitcham,ILOC40102102,Mitcham
IREG401,Adelaide,IARE401021,Unley - Burnside - Mitcham,ILOC40102103,Unley
IREG401,Adelaide,IARE401022,Wakefield - Clare and Gilbert Valleys,ILOC40102201,Wakefield - Clare and Gilbert Valleys
IREG401,Adelaide,IARE401023,Yorke Peninsula,ILOC40102301,Copper Coast - Barunga West
IREG401,Adelaide,IARE401023,Yorke Peninsula,ILOC40102302,Point Pearce
IREG401,Adelaide,IARE401023,Yorke Peninsula,ILOC40102303,Yorke Peninsula
IREG402,Port Augusta,IARE402001,Anangu Pitjantjatjara,ILOC40200101,Amata - Tjurma Homelands
IREG402,Port Augusta,IARE402001,Anangu Pitjantjatjara,ILOC40200102,Anilalya Homelands
IREG402,Port Augusta,IARE402001,Anangu Pitjantjatjara,ILOC40200103,Indulkana and Indulkana Homelands
IREG402,Port Augusta,IARE402001,Anangu Pitjantjatjara,ILOC40200104,Kalka and Homelands
IREG402,Port Augusta,IARE402001,Anangu Pitjantjatjara,ILOC40200105,Kaltjiti (Fregon) and Irintata Homelands
IREG402,Port Augusta,IARE402001,Anangu Pitjantjatjara,ILOC40200106,Kanpi - Nyapari - Angatja
IREG402,Port Augusta,IARE402001,Anangu Pitjantjatjara,ILOC40200107,Mimili and Mimili Homelands
IREG402,Port Augusta,IARE402001,Anangu Pitjantjatjara,ILOC40200108,Pipalyatjara
IREG402,Port Augusta,IARE402001,Anangu Pitjantjatjara,ILOC40200109,Pukatja (Ernabella)
IREG402,Port Augusta,IARE402001,Anangu Pitjantjatjara,ILOC40200110,Watarru and Outstations
IREG402,Port Augusta,IARE402002,Coober Pedy - Umoona,ILOC40200201,Coober Pedy
IREG402,Port Augusta,IARE402002,Coober Pedy - Umoona,ILOC40200202,Umoona
IREG402,Port Augusta,IARE402003,Eyre,ILOC40200301,Dunjiba (Oodnadatta)
IREG402,Port Augusta,IARE402003,Eyre,ILOC40200302,Iga Warta Homeland
IREG402,Port Augusta,IARE402003,Eyre,ILOC40200303,Lake Eyre - Lake Torrens
IREG402,Port Augusta,IARE402003,Eyre,ILOC40200304,Leigh Creek - Copley
IREG402,Port Augusta,IARE402003,Eyre,ILOC40200305,Roxby Downs
IREG402,Port Augusta,IARE402004,Flinders,ILOC40200401,Flinders Ranges
IREG402,Port Augusta,IARE402004,Flinders,ILOC40200402,Quorn
IREG402,Port Augusta,IARE402005,Port Augusta,ILOC40200501,Davenport
IREG402,Port Augusta,IARE402005,Port Augusta,ILOC40200502,Port Augusta - Central
IREG402,Port Augusta,IARE402005,Port Augusta,ILOC40200503,Port Augusta - Surrounds
IREG402,Port Augusta,IARE402005,Port Augusta,ILOC40200504,Port Augusta - West
IREG402,Port Augusta,IARE402005,Port Augusta,ILOC40200505,Stirling North
IREG402,Port Augusta,IARE402006,Whyalla,ILOC40200601,Whyalla
IREG403,Port Lincoln - Ceduna,IARE403001,Ceduna,ILOC40300101,Ceduna
IREG403,Port Lincoln - Ceduna,IARE403001,Ceduna,ILOC40300102,Koonibba
IREG403,Port Lincoln - Ceduna,IARE403001,Ceduna,ILOC40300103,Tjutjunaku Worka Tjuta - Inner Homelands
IREG403,Port Lincoln - Ceduna,IARE403001,Ceduna,ILOC40300104,Tjutjunaku Worka Tjuta - Outer Homelands
IREG403,Port Lincoln - Ceduna,IARE403002,Ceduna - West Coast,ILOC40300201,Eyre Peninsula
IREG403,Port Lincoln - Ceduna,IARE403002,Ceduna - West Coast,ILOC40300202,Maralinga Tjarutja
IREG403,Port Lincoln - Ceduna,IARE403002,Ceduna - West Coast,ILOC40300203,South-West Coast
IREG403,Port Lincoln - Ceduna,IARE403002,Ceduna - West Coast,ILOC40300204,Yalata
IREG403,Port Lincoln - Ceduna,IARE403003,Port Lincoln,ILOC40300301,Port Lincoln
IREG494,No usual address (SA),IARE494994,No usual address (SA),ILOC49499494,No usual address (SA)
IREG497,Migratory - Offshore - Shipping (SA),IARE494994,Migratory - Offshore - Shipping (SA),ILOC49499494,Migratory - Offshore - Shipping (SA)
(a) The Indigenous Structure is a geographical standard for the publication and analysis of statistics about the Aboriginal and/or Torres Strait Islander peoples of Australia.,,,,,
"Statistical Areas Level 1 (SA1s) aggregate to Indigenous Locations which aggregate to Indigenous Areas, and they in turn aggregate to Indigenous Regions. At each hierarchical level, all of Geographic Australia is covered without gaps or overlaps.",,,,,
"For further information, see the Australian Statistical Geography Standard (ASGS) Edition 3.",,,,,
,,,,,
© Commonwealth of Australia 2022,,,,,
