            Australian Bureau of Statistics,Unnamed: 1,Unnamed: 2,Unnamed: 3,Unnamed: 4,Unnamed: 5,Unnamed: 6,Unnamed: 7,Unnamed: 8,Unnamed: 9,Unnamed: 10,Unnamed: 11,Unnamed: 12,Unnamed: 13,Unnamed: 14
"Census of Population and Housing - Counts of Aboriginal and Torres Strait Islander Australians, 2021",,,,,,,,,,,,,,
Released at 11.30am (Canberra time) 31 August 2022,,,,,,,,,,,,,,
"Table 1.1: Census counts, Aboriginal and Torres Strait Islander persons in South Australia by age and sex, 2011-2021",,,,,,,,,,,,,,
,,,,,,,,,,,,,,
,2011,,,,2016,,,,2021,,,,,
,Male,Female,Total persons,,Male,Female,Total persons,,Male,Female,Total persons,,,
,COUNT OF PERSONS,,,,,,,,,,,,,
,,,,,,,,,,,,,,
Median age (years),21,23,22,,22,24,23,,23,25,24,,,
,,,,,,,,,,,,,,
0-4 years,1833,1746,3579,,1987,1808,3787,,2363,2175,4544,,,
5-9 years,1794,1670,3467,,2020,1946,3963,,2381,2266,4647,,,
10-14 years,1761,1745,3507,,1847,1820,3668,,2395,2329,4724,,,
15-19 years,1653,1528,3179,,1818,1737,3553,,2119,1973,4090,,,
20-24 years,1352,1367,2716,,1483,1527,3011,,1844,1832,3673,,,
25-29 years,1143,1204,2344,,1309,1315,2624,,1685,1690,3379,,,
30-34 years,858,962,1827,,1110,1120,2226,,1439,1538,2978,,,
35-39 years,892,991,1881,,842,927,1768,,1237,1270,2508,,,
40-44 years,881,992,1874,,915,1025,1939,,985,1060,2042,,,
45-49 years,794,878,1670,,890,1029,1921,,985,1143,2126,,,
50-54 years,618,736,1356,,810,884,1693,,1020,1157,2175,,,
55-59 years,508,517,1030,,650,743,1396,,814,952,1765,,,
60-64 years,348,402,746,,503,542,1048,,732,786,1522,,,
65-69 years,227,264,491,,312,362,674,,510,551,1063,,,
70-74 years,133,191,326,,192,221,415,,337,333,668,,,
75 years and over,174,274,442,,208,280,486,,295,364,663,,,
Total,14970,15458,30432,,16891,17292,34184,,21140,21420,42562,,,
,DISTRIBUTION OF PERSONS - AGE GROUP (%),,,,,,,,,,,,,
,,,,,,,,,,,,,,
0-4 years,51.2,48.8,100,,52.5,47.7,100,,52,47.9,100,,,
5-9 years,51.7,48.2,100,,51,49.1,100,,51.2,48.8,100,,,
10-14 years,50.2,49.8,100,,50.4,49.6,100,,50.7,49.3,100,,,
15-19 years,52,48.1,100,,51.2,48.9,100,,51.8,48.2,100,,,
20-24 years,49.8,50.3,100,,49.3,50.7,100,,50.2,49.9,100,,,
25-29 years,48.8,51.4,100,,49.9,50.1,100,,49.9,50,100,,,
30-34 years,47,52.7,100,,49.9,50.3,100,,48.3,51.6,100,,,
35-39 years,47.4,52.7,100,,47.6,52.4,100,,49.3,50.6,100,,,
40-44 years,47,52.9,100,,47.2,52.9,100,,48.2,51.9,100,,,
45-49 years,47.5,52.6,100,,46.3,53.6,100,,46.3,53.8,100,,,
50-54 years,45.6,54.3,100,,47.8,52.2,100,,46.9,53.2,100,,,
55-59 years,49.3,50.2,100,,46.6,53.2,100,,46.1,53.9,100,,,
60-64 years,46.6,53.9,100,,48,51.7,100,,48.1,51.6,100,,,
65-69 years,46.2,53.8,100,,46.3,53.7,100,,48,51.8,100,,,
70-74 years,40.8,58.6,100,,46.3,53.3,100,,50.4,49.9,100,,,
75 years and over,39.4,62,100,,42.8,57.6,100,,44.5,54.9,100,,,
Total,49.2,50.8,100,,49.4,50.6,100,,49.7,50.3,100,,,
,DISTRIBUTION OF PERSONS - ALL AGES (%),,,,,,,,,,,,,
,,,,,,,,,,,,,,
0-4 years,12.2,11.3,11.8,,11.8,10.5,11.1,,11.2,10.2,10.7,-0.6000000000000014,-0.3000000000000007,-0.40000000000000036
5-9 years,12,10.8,11.4,,12,11.3,11.6,,11.3,10.6,10.9,-0.6999999999999993,-0.7000000000000011,-0.6999999999999993
10-14 years,11.8,11.3,11.5,,10.9,10.5,10.7,,11.3,10.9,11.1,0.40000000000000036,0.40000000000000036,0.40000000000000036
15-19 years,11,9.9,10.4,,10.8,10,10.4,,10,9.2,9.6,-0.8000000000000007,-0.8000000000000007,-0.8000000000000007
20-24 years,9,8.8,8.9,,8.8,8.8,8.8,,8.7,8.6,8.6,-0.10000000000000142,-0.20000000000000107,-0.20000000000000107
25-29 years,7.6,7.8,7.7,,7.7,7.6,7.7,,8,7.9,7.9,0.2999999999999998,0.3000000000000007,0.20000000000000018
30-34 years,5.7,6.2,6,,6.6,6.5,6.5,,6.8,7.2,7,0.20000000000000018,0.7000000000000002,0.5
35-39 years,6,6.4,6.2,,5,5.4,5.2,,5.9,5.9,5.9,0.9000000000000004,0.5,0.7000000000000002
40-44 years,5.9,6.4,6.2,,5.4,5.9,5.7,,4.7,4.9,4.8,-0.7000000000000002,-1.0,-0.9000000000000004
45-49 years,5.3,5.7,5.5,,5.3,6,5.6,,4.7,5.3,5,-0.5999999999999996,-0.7000000000000002,-0.5999999999999996
50-54 years,4.1,4.8,4.5,,4.8,5.1,5,,4.8,5.4,5.1,0.0,0.3000000000000007,0.09999999999999964
55-59 years,3.4,3.3,3.4,,3.8,4.3,4.1,,3.9,4.4,4.1,0.10000000000000009,0.10000000000000053,0.0
60-64 years,2.3,2.6,2.5,,3,3.1,3.1,,3.5,3.7,3.6,0.5,0.6000000000000001,0.5
65-69 years,1.5,1.7,1.6,,1.8,2.1,2,,2.4,2.6,2.5,0.5999999999999999,0.5,0.5
70-74 years,0.9,1.2,1.1,,1.1,1.3,1.2,,1.6,1.6,1.6,0.5,0.30000000000000004,0.40000000000000013
75 years and over,1.2,1.8,1.5,,1.2,1.6,1.4,,1.4,1.7,1.6,0.19999999999999996,0.09999999999999987,0.20000000000000018
Total,100,100,100,,100,100,100,,100,100,100,,,
Data is based on place of usual residence. Excludes overseas visitors.,,,,,,,,,,,,,,
,,,,,,,,,,,,,,
Please note that there are small random adjustments made to all cell values to protect the confidentiality of data. These adjustments may cause the sum of rows or columns to differ by small amounts from table totals.,,,,,,,,,,,,,,
,,,,,,,,,,,,,,
© Commonwealth of Australia 2022,,,,,,,,,,,,,,
