            Australian Bureau of Statistics,Unnamed: 1,Unnamed: 2,Unnamed: 3,Unnamed: 4,Unnamed: 5,Unnamed: 6,Unnamed: 7,Unnamed: 8,Unnamed: 9,Unnamed: 10,Unnamed: 11,Unnamed: 12,Unnamed: 13,Unnamed: 14,Unnamed: 15
"Census of Population and Housing - Counts of Aboriginal and Torres Strait Islander Australians, 2021",,,,,,,,,,,,,,,
Released at 11.30am (Canberra time) Thursday 31 August 2022,,,,,,,,,,,,,,,
"Table 2.3: Census counts by Indigenous status, Tasmania, Indigenous Areas, 2011-2021",,,,,,,,,,,,,,,
,,,,,,,,,,,,,,,
,,2011,,,,,2016,,,,,2021,,,
"Indigenous Area (IARE) code(a)
2021 boundaries(b)","Indigenous Area (IARE) name(a)
2021 boundaries(b)",Aboriginal and/or Torres Strait Islander,Non-Indigenous,Not stated,Total,,Aboriginal and/or Torres Strait Islander,Non-Indigenous,Not stated,Total,,Aboriginal and/or Torres Strait Islander,Non-Indigenous,Not stated,Total
,,COUNT OF PERSONS,,,,,,,,,,,,,
IARE601001 ,Central Coast - Devonport,2588,42061,1902,46548,,3079,40908,2634,46627,,3895,43383,2184,49467
IARE601002,Central Tasmania,1075,28247,1042,30362,,1233,27846,2137,31218,,1785,30341,1987,34111
IARE601003 ,Greater Hobart,5143,148057,6860,160060,,6437,151271,9616,167329,,8391,169510,7295,185200
IARE601004 ,Huon Valley,1308,13333,498,15139,,1492,13603,1108,16199,,1865,15255,1146,18264
IARE601005,Kingborough,1048,32149,1043,34241,,1297,33274,1656,36222,,1628,37653,1218,40496
IARE601006 ,Launceston,1945,57786,2532,62266,,2275,56724,4388,63388,,2839,62105,3117,68057
IARE601007 ,Meander Valley - Kentish,711,23676,742,25130,,882,23053,1602,25536,,1170,24958,1340,27464
IARE601008,Tasmania - North-East Coast,865,18745,870,20471,,873,18037,1549,20458,,1088,19209,1335,21623
IARE601009 ,Tasmania - South-East Coast,812,18119,829,19759,,931,18788,1487,21213,,1182,21692,1494,24363
IARE601010 ,Tasmania - West Coast,3224,42139,1889,47259,,3932,39212,2979,46133,,4738,40571,2901,48214
IARE601011,West Tamar - Latrobe,825,31003,1097,32932,,1085,31585,1983,34653,,1459,35829,1620,38908
Total Tasmania(c),,19625,456343,19380,495351,,23572,455137,31255,509965,,30186,501521,25851,557571
Data is based on place of usual residence. Excludes overseas visitors.,,,,,,,,,,,,,,,
,,,,,,,,,,,,,,,
(a) The Indigenous Structure is a geographical standard for the publication and analysis of statistics about the Aboriginal and/or Torres Strait Islander peoples of Australia.,,,,,,,,,,,,,,,
"Statistical Areas Level 1 (SA1s) aggregate to Indigenous Locations which aggregate to Indigenous Areas, and they in turn aggregate to Indigenous Regions. At each hierarchical level, all of Geographic Australia is covered without gaps or overlaps.",,,,,,,,,,,,,,,
"For further information, see the Australian Statistical Geography Standard (ASGS) Edition 3.",,,,,,,,,,,,,,,
"(b) This table provides 2011 and 2016 Census data on 2021 IARE boundaries to allow for direct comparisons to the 2021 Census. As a result, the 2011 and 2016 Census data in this table will differ to previously published 2011 and 2016 Census data.  ",,,,,,,,,,,,,,,
(c) Includes Migratory-Offshore-Shipping and No Usual Address.,,,,,,,,,,,,,,,
Please note that there are small random adjustments made to all cell values to protect the confidentiality of data. These adjustments may cause the sum of rows or columns to differ by small amounts from table totals.,,,,,,,,,,,,,,,
,,,,,,,,,,,,,,,
© Commonwealth of Australia 2022,,,,,,,,,,,,,,,
